parent of origin for PAN027,chr1,chr2,chr3,chr4,chr5,chr6,chr7,chr8,chr9,chr10,chr11,chr12,chr13,chr14,chr15,chr16,chr17,chr18,chr19,chr20,chr21,chr22,chrX
maternal,PAN010.chr1.haplotype2,PAN010.chr2.haplotype1,PAN010.chr3.haplotype2,PAN010.chr4.haplotype1,PAN010.chr5.haplotype1,PAN010.chr6.haplotype1,PAN010.chr7.haplotype1,PAN010.chr8.haplotype2,PAN010.chr9.haplotype1,PAN010.chr10.haplotype1,PAN010.chr11.haplotype2,PAN010.chr12.haplotype2,PAN010.chr13.haplotype2,PAN010.chr14.haplotype1,PAN010.chr15.haplotype2,PAN010.chr16.haplotype1,PAN010.chr17.haplotype2,PAN010.chr18.haplotype2,PAN010.chr19.haplotype1,PAN010.chr20.haplotype1,PAN010.chr21.haplotype1,PAN010.chr22.haplotype2,PAN010.chrX.haplotype2
paternal,PAN011.chr1.haplotype2,PAN011.chr2.haplotype2,PAN011.chr3.haplotype1,PAN011.chr4.haplotype2,PAN011.chr5.haplotype2,PAN011.chr6.haplotype2,PAN011.chr7.haplotype2,PAN011.chr8.haplotype2,PAN011.chr9.haplotype1,PAN011.chr10.haplotype1,PAN011.chr11.haplotype2,PAN011.chr12.haplotype1,PAN011.chr13.haplotype2,PAN011.chr14.haplotype1,PAN011.chr15.haplotype2,PAN011.chr16.haplotype2,PAN011.chr17.haplotype2,PAN011.chr18.haplotype2,PAN011.chr19.haplotype2,PAN011.chr20.haplotype1,PAN011.chr21.haplotype1,PAN011.chr22.haplotype2,PAN011.chrX.haplotype1
,,,,,,,,,,,,,,,,,,,,,,,
PAN028 chromosomes that match PAN027 the best,chr1,chr2,chr3,chr4,chr5,chr6,chr7,chr8,chr9,chr10,chr11,chr12,chr13,chr14,chr15,chr16,chr17,chr18,chr19,chr20,chr21,chr22,chrX
maternal,PAN028.chr1.haplotype2,father,father,father,father,PAN028.chr6.haplotype1,PAN028.chr7.haplotype2,father,father,PAN028.chr10.haplotype1,father,father,PAN028.chr13.haplotype1,father,father,father,PAN028.chr17.haplotype1,PAN028.chr18.haplotype2,father,PAN028.chr20.haplotype1,father,father,PAN028.chrX.haplotype2
paternal,father,PAN028.chr2.haplotype1,PAN028.chr3.haplotype2,PAN028.chr4.haplotype2,PAN028.chr5.haplotype2,father,father,PAN028.chr8.haplotype1,PAN028.chr9.haplotype2,father,PAN028.chr11.haplotype1,PAN028.chr12.haplotype2,father,PAN028.chr14.haplotype2,PAN028.chr15.haplotype2,PAN028.chr16.haplotype1,father,father,PAN028.chr19.haplotype1,father,PAN028.chr21.haplotype2,PAN028.chr22.haplotype2,father
,,,,,,,,,,,,,,,,,,,,,,,
transmissions,chr1,chr2,chr3,chr4,chr5,chr6,chr7,chr8,chr9,chr10,chr11,chr12,chr13,chr14,chr15,chr16,chr17,chr18,chr19,chr20,chr21,chr22,chrX
generation 1,PAN010.chr1.haplotype2,PAN011.chr2.haplotype2,PAN011.chr3.haplotype1,PAN011.chr4.haplotype2,PAN011.chr5.haplotype2,PAN010.chr6.haplotype1,PAN010.chr7.haplotype1,PAN011.chr8.haplotype2,PAN011.chr9.haplotype1,PAN010.chr10.haplotype1,PAN011.chr11.haplotype2,PAN011.chr12.haplotype1,PAN010.chr13.haplotype2,PAN011.chr14.haplotype1,PAN011.chr15.haplotype2,PAN011.chr16.haplotype2,PAN010.chr17.haplotype2,PAN010.chr18.haplotype2,PAN011.chr19.haplotype2,PAN010.chr20.haplotype1,PAN011.chr21.haplotype1,PAN011.chr22.haplotype2,PAN010.chrX.haplotype2
,99.9926,100,100,97.9579,100,100,99.9852,100,99.9917,100,100,100,99.9359,99.9248,100,99.9751,100,99.9893,100,100,99.9498,99.9046,100
generation 2,PAN027.chr1.maternal,PAN027.chr2.paternal,PAN027.chr3.paternal,PAN027.chr4.paternal,PAN027.chr5.paternal,PAN027.chr6.maternal,PAN027.chr7.maternal,PAN027.chr8.paternal,PAN027.chr9.paternal,PAN027.chr10.maternal,PAN027.chr11.paternal,PAN027.chr12.paternal,PAN027.chr13.maternal,PAN027.chr14.paternal,PAN027.chr15.paternal,PAN027.chr16.paternal,PAN027.chr17.maternal,PAN027.chr18.maternal,PAN027.chr19.paternal,PAN027.chr20.maternal,PAN027.chr21.paternal,PAN027.chr22.paternal,PAN027.chrX.maternal
,99.9963,100,99.9423,98.883,99.9886,100,99.9851,99.8519,99.9917,100,100,100,100,99.9894,100,99.9875,99.9346,99.9947,100,100,100,100,100
generation 3,PAN028.chr1.haplotype2,PAN028.chr2.haplotype1,PAN028.chr3.haplotype2,PAN028.chr4.haplotype2,PAN028.chr5.haplotype2,PAN028.chr6.haplotype1,PAN028.chr7.haplotype2,PAN028.chr8.haplotype1,PAN028.chr9.haplotype2,PAN028.chr10.haplotype1,PAN028.chr11.haplotype1,PAN028.chr12.haplotype2,PAN028.chr13.haplotype1,PAN028.chr14.haplotype2,PAN028.chr15.haplotype2,PAN028.chr16.haplotype1,PAN028.chr17.haplotype1,PAN028.chr18.haplotype2,PAN028.chr19.haplotype1,PAN028.chr20.haplotype1,PAN028.chr21.haplotype2,PAN028.chr22.haplotype2,PAN028.chrX.haplotype2