PAN011.chr1.haplotype1:103945661-106661002	PAN027.chr1.paternal:103925078-106640394	PAN028.chr1.haplotype2:103895579-106610913
PAN011.chr1.haplotype1:106700221-106877266	PAN027.chr1.paternal:106679613-106856657	PAN028.chr1.haplotype2:106650132-106827177
PAN011.chr1.haplotype1:106961572-107348712	PAN027.chr1.paternal:106940963-107328103	PAN028.chr1.haplotype2:106911484-107298625
PAN011.chr1.haplotype1:14292981-21494464	PAN027.chr1.paternal:14273878-21475216	PAN028.chr1.haplotype2:14266394-21467817
PAN011.chr1.haplotype1:190528785-191791205	PAN027.chr1.paternal:191050223-192312635	PAN028.chr1.haplotype2:190026305-191288721
PAN011.chr1.haplotype1:191850709-192357343	PAN027.chr1.paternal:192372139-192878773	PAN028.chr1.haplotype2:191348225-191854859
PAN011.chr1.haplotype1:192583664-192926748	PAN027.chr1.paternal:193105092-193448170	PAN028.chr1.haplotype2:192081178-192424258
PAN011.chr1.haplotype1:193256693-194543745	PAN027.chr1.paternal:193778114-195065159	PAN028.chr1.haplotype2:192754203-194041254
PAN011.chr1.haplotype1:195382656-198489481	PAN027.chr1.paternal:195904068-199010872	PAN028.chr1.haplotype2:194880164-197986982
PAN011.chr1.haplotype1:198600448-200684666	PAN027.chr1.paternal:199121836-201206023	PAN028.chr1.haplotype2:198097946-200182145
PAN011.chr1.haplotype1:200651871-202931174	PAN027.chr1.paternal:201173228-203452495	PAN028.chr1.haplotype2:200149350-202428631
PAN011.chr1.haplotype1:202961377-203210256	PAN027.chr1.paternal:203482698-203731577	PAN028.chr1.haplotype2:202458834-202707714
PAN011.chr1.haplotype1:203188505-205994792	PAN027.chr1.paternal:203709826-206516078	PAN028.chr1.haplotype2:202685963-205492230
PAN011.chr1.haplotype1:205977370-207489333	PAN027.chr1.paternal:206498656-208010610	PAN028.chr1.haplotype2:205474808-206986780
PAN011.chr1.haplotype1:207526239-209514611	PAN027.chr1.paternal:208047516-210035869	PAN028.chr1.haplotype2:207023686-209012054
PAN011.chr1.haplotype1:209493664-210425677	PAN027.chr1.paternal:210014922-210946918	PAN028.chr1.haplotype2:208991107-209923111
PAN011.chr1.haplotype1:210415260-211952746	PAN027.chr1.paternal:210936501-212473966	PAN028.chr1.haplotype2:209912694-211450164
PAN011.chr1.haplotype1:211999308-213443237	PAN027.chr1.paternal:212520526-213964446	PAN028.chr1.haplotype2:211496725-212940654
PAN011.chr1.haplotype1:213402181-214482232	PAN027.chr1.paternal:213923391-215003435	PAN028.chr1.haplotype2:212899599-213979644
PAN011.chr1.haplotype1:214413833-219407023	PAN027.chr1.paternal:214935036-219928199	PAN028.chr1.haplotype2:213911245-218904426
PAN011.chr1.haplotype1:21471666-24981943	PAN027.chr1.paternal:21452419-24962615	PAN028.chr1.haplotype2:21445020-24955260
PAN011.chr1.haplotype1:219386815-219954496	PAN027.chr1.paternal:219907991-220475672	PAN028.chr1.haplotype2:218884218-219451893
PAN011.chr1.haplotype1:220061064-221255536	PAN027.chr1.paternal:220582241-221776697	PAN028.chr1.haplotype2:219558461-220752921
PAN011.chr1.haplotype1:221285136-221648840	PAN027.chr1.paternal:221806297-222170000	PAN028.chr1.haplotype2:220782521-221146226
PAN011.chr1.haplotype1:221628927-222145566	PAN027.chr1.paternal:222150087-222666729	PAN028.chr1.haplotype2:221126313-221642956
PAN011.chr1.haplotype1:222121578-222678721	PAN027.chr1.paternal:222642731-223199877	PAN028.chr1.haplotype2:221618958-222176109
PAN011.chr1.haplotype1:222655872-223684036	PAN027.chr1.paternal:223177028-224205183	PAN028.chr1.haplotype2:222153260-223181418
PAN011.chr1.haplotype1:223663192-224932430	PAN027.chr1.paternal:224184339-225453556	PAN028.chr1.haplotype2:223160574-224429806
PAN011.chr1.haplotype1:224948943-225329734	PAN027.chr1.paternal:225470069-225850858	PAN028.chr1.haplotype2:224446319-224827109
PAN011.chr1.haplotype1:225311431-227742762	PAN027.chr1.paternal:225832555-228263859	PAN028.chr1.haplotype2:224808806-227240129
PAN011.chr1.haplotype1:231254209-231749718	PAN027.chr1.paternal:231775311-232270812	PAN028.chr1.haplotype2:230751230-231246732
PAN011.chr1.haplotype1:231727790-232517020	PAN027.chr1.paternal:232248885-233038111	PAN028.chr1.haplotype2:231224805-232014032
PAN011.chr1.haplotype1:232491232-233051679	PAN027.chr1.paternal:233012323-233572767	PAN028.chr1.haplotype2:231988244-232548691
PAN011.chr1.haplotype1:233238800-237473031	PAN027.chr1.paternal:233759886-237994039	PAN028.chr1.haplotype2:232735811-236970005
PAN011.chr1.haplotype1:237450539-237585933	PAN027.chr1.paternal:237971547-238106937	PAN028.chr1.haplotype2:236947513-237082911
PAN011.chr1.haplotype1:237558337-237963145	PAN027.chr1.paternal:238079341-238484147	PAN028.chr1.haplotype2:237055315-237460121
PAN011.chr1.haplotype1:237944601-240952921	PAN027.chr1.paternal:238465603-241473883	PAN028.chr1.haplotype2:237441577-240449877
PAN011.chr1.haplotype1:240928392-242636346	PAN027.chr1.paternal:241449354-243157291	PAN028.chr1.haplotype2:240425348-242133278
PAN011.chr1.haplotype1:242610366-244617567	PAN027.chr1.paternal:243131311-245138474	PAN028.chr1.haplotype2:242107298-244114478
PAN011.chr1.haplotype1:244594498-244661526	PAN027.chr1.paternal:245115407-245182432	PAN028.chr1.haplotype2:244091411-244158436
PAN011.chr1.haplotype1:244642944-245859674	PAN027.chr1.paternal:245163850-246380566	PAN028.chr1.haplotype2:244139854-245356549
PAN011.chr1.haplotype1:24952666-25840350	PAN027.chr1.paternal:24933338-25821008	PAN028.chr1.haplotype2:24925983-25813648
PAN011.chr1.haplotype1:42210497-51573966	PAN027.chr1.paternal:42190860-51554217	PAN028.chr1.haplotype2:42161575-51525023
PAN011.chr1.haplotype1:42214568-42232874	PAN027.chr1.paternal:42194931-42213237	PAN028.chr1.haplotype2:42165647-42183953
PAN011.chr1.haplotype1:51561487-53022543	PAN027.chr1.paternal:51541738-53002772	PAN028.chr1.haplotype2:51512544-52973011
PAN011.chr1.haplotype1:53003962-53264005	PAN027.chr1.paternal:52984192-53244231	PAN028.chr1.haplotype2:52954430-53214472
PAN011.chr1.haplotype1:53234408-55157725	PAN027.chr1.paternal:53214635-55137926	PAN028.chr1.haplotype2:53184875-55108185
PAN011.chr1.haplotype1:55124830-58093423	PAN027.chr1.paternal:55105031-58073596	PAN028.chr1.haplotype2:55075290-58043871
PAN011.chr1.haplotype1:58065471-59078366	PAN027.chr1.paternal:58045644-59058522	PAN028.chr1.haplotype2:58015918-59028803
PAN011.chr1.haplotype1:59055666-60005938	PAN027.chr1.paternal:59035822-59986090	PAN028.chr1.haplotype2:59006102-59956379
PAN011.chr1.haplotype1:59983971-60298664	PAN027.chr1.paternal:59964123-60278815	PAN028.chr1.haplotype2:59934412-60249105
PAN011.chr1.haplotype1:60284586-61140770	PAN027.chr1.paternal:60264737-61120913	PAN028.chr1.haplotype2:60235027-61091206
PAN011.chr1.haplotype1:61135668-61365183	PAN027.chr1.paternal:61115811-61345323	PAN028.chr1.haplotype2:61086104-61315618
PAN011.chr1.haplotype1:61374920-62847153	PAN027.chr1.paternal:61355060-62827256	PAN028.chr1.haplotype2:61325356-62797569
PAN011.chr1.haplotype1:62889285-63652877	PAN027.chr1.paternal:62869388-63632976	PAN028.chr1.haplotype2:62839701-63603292
PAN011.chr1.haplotype1:63626896-65170269	PAN027.chr1.paternal:63606995-65150344	PAN028.chr1.haplotype2:63577310-65120672
PAN011.chr1.haplotype1:65155422-65979306	PAN027.chr1.paternal:65135497-65959371	PAN028.chr1.haplotype2:65105825-65929700
PAN011.chr1.haplotype1:65965908-67520040	PAN027.chr1.paternal:65945973-67500102	PAN028.chr1.haplotype2:65916302-67470434
PAN011.chr1.haplotype1:67494745-67609377	PAN027.chr1.paternal:67474807-67589439	PAN028.chr1.haplotype2:67445139-67559772
PAN011.chr1.haplotype1:67569341-67757131	PAN027.chr1.paternal:67549403-67737191	PAN028.chr1.haplotype2:67519736-67707526
PAN011.chr1.haplotype1:67745016-69587064	PAN027.chr1.paternal:67725076-69567109	PAN028.chr1.haplotype2:67695411-69537448
PAN011.chr1.haplotype1:69563141-73148624	PAN027.chr1.paternal:69543186-73128637	PAN028.chr1.haplotype2:69513525-73098994
PAN011.chr1.haplotype1:73140303-73416982	PAN027.chr1.paternal:73120316-73396995	PAN028.chr1.haplotype2:73090673-73367352
PAN011.chr1.haplotype1:73389276-74515012	PAN027.chr1.paternal:73369289-74495016	PAN028.chr1.haplotype2:73339646-74465377
PAN011.chr1.haplotype1:74554247-84132097	PAN027.chr1.paternal:74534251-84112028	PAN028.chr1.haplotype2:74504613-84082423
PAN011.chr1.haplotype1:84108266-87059449	PAN027.chr1.paternal:84088199-87039362	PAN028.chr1.haplotype2:84058594-87009773
PAN011.chr1.haplotype1:84113163-84129952	PAN027.chr1.paternal:84093096-84109883	PAN028.chr1.haplotype2:84063491-84080278
PAN011.chr1.haplotype1:87055280-88515864	PAN027.chr1.paternal:87035195-88495772	PAN028.chr1.haplotype2:87005607-88466187
PAN011.chr1.haplotype1:88563085-88685610	PAN027.chr1.paternal:88542992-88665515	PAN028.chr1.haplotype2:88513408-88635931
PAN011.chr1.haplotype1:88676653-89720618	PAN027.chr1.paternal:88656558-89700517	PAN028.chr1.haplotype2:88626974-89670936
PAN011.chr1.haplotype1:89693234-92615916	PAN027.chr1.paternal:89673133-92595775	PAN028.chr1.haplotype2:89643552-92566213
PAN011.chr1.haplotype1:93088647-93533794	PAN027.chr1.paternal:93068495-93513633	PAN028.chr1.haplotype2:93038941-93484081
PAN011.chr1.haplotype1:93515611-93645161	PAN027.chr1.paternal:93495450-93624998	PAN028.chr1.haplotype2:93465898-93595448
PAN011.chr1.haplotype1:93698876-93840149	PAN027.chr1.paternal:93678712-93819982	PAN028.chr1.haplotype2:93649162-93790433
PAN011.chr1.haplotype1:93903101-94911649	PAN027.chr1.paternal:93882934-94891475	PAN028.chr1.haplotype2:93853385-94861923
PAN011.chr1.haplotype1:94905001-97859195	PAN027.chr1.paternal:94884827-97838998	PAN028.chr1.haplotype2:94855275-97809464
PAN011.chr1.haplotype1:97837592-97997892	PAN027.chr1.paternal:97817395-97977693	PAN028.chr1.haplotype2:97787861-97948160
PAN011.chr1.haplotype1:97973882-104089305	PAN027.chr1.paternal:97953684-104068721	PAN028.chr1.haplotype2:97924151-104039223
PAN011.chr1.haplotype1:9933527-14341625	PAN027.chr1.paternal:9914483-14322520	PAN028.chr1.haplotype2:9906979-14315037
PAN011.chr1.haplotype2:114700255-114750967	PAN027.chr1.paternal:114736473-114787186	PAN028.chr1.haplotype1:114783906-114834617
PAN011.chr1.haplotype2:188525019-189761064	PAN027.chr1.paternal:188567991-189804024	PAN028.chr1.haplotype2:187544065-188780106
PAN011.chr1.haplotype2:189742057-190592338	PAN027.chr1.paternal:189785017-190635291	PAN028.chr1.haplotype2:188761100-189611381
PAN011.chr1.haplotype2:3791930-4055246	PAN027.chr1.paternal:3796443-4063032	PAN028.chr1.haplotype2:3788883-4055474
PAN011.chr1.haplotype2:4006130-4486836	PAN027.chr1.paternal:4013916-4494620	PAN028.chr1.haplotype2:4006358-4487063
PAN011.chr1.haplotype2:4487366-6463889	PAN027.chr1.paternal:4495150-6471681	PAN028.chr1.haplotype2:4487593-6464130
PAN011.chr1.haplotype2:6440580-8831472	PAN027.chr1.paternal:6448372-8839223	PAN028.chr1.haplotype2:6440819-8831693
PAN011.chr1.haplotype2:965119-3972258	PAN027.chr1.paternal:969107-3980044	PAN028.chr1.haplotype2:961548-3972486
PAN011.chr10.haplotype1:100134381-100213316	PAN027.chr10.paternal:100148710-100227645	PAN028.chr10.haplotype1:99979982-100058920
PAN011.chr10.haplotype1:79885372-85758337	PAN027.chr10.paternal:79899909-85772823	PAN028.chr10.haplotype1:79731078-85604014
PAN011.chr10.haplotype1:85774569-86125371	PAN027.chr10.paternal:85789055-86139853	PAN028.chr10.haplotype1:85620246-85971045
PAN011.chr10.haplotype1:86106182-87569013	PAN027.chr10.paternal:86120665-87583480	PAN028.chr10.haplotype1:85951857-87414679
PAN011.chr10.haplotype1:87550925-88930364	PAN027.chr10.paternal:87565392-88944809	PAN028.chr10.haplotype1:87396591-88776019
PAN011.chr10.haplotype1:88911778-89351568	PAN027.chr10.paternal:88926223-89366010	PAN028.chr10.haplotype1:88757433-89197221
PAN011.chr10.haplotype1:89329608-91841798	PAN027.chr10.paternal:89344051-91856227	PAN028.chr10.haplotype1:89175262-91687445
PAN011.chr10.haplotype1:91830395-94281126	PAN027.chr10.paternal:91844824-94295519	PAN028.chr10.haplotype1:91676042-94126770
PAN011.chr10.haplotype1:94261650-99524793	PAN027.chr10.paternal:94276043-99539115	PAN028.chr10.haplotype1:94107294-99370394
PAN011.chr10.haplotype1:99511550-100141963	PAN027.chr10.paternal:99525872-100156291	PAN028.chr10.haplotype1:99357151-99987563
PAN011.chr11.haplotype2:26553493-27220111	PAN027.chr11.paternal:26594350-27260967	PAN028.chr11.haplotype1:26546717-27213336
PAN011.chr11.haplotype2:27201404-27570823	PAN027.chr11.paternal:27242260-27611675	PAN028.chr11.haplotype1:27194629-27564045
PAN011.chr11.haplotype2:27546892-30016591	PAN027.chr11.paternal:27587744-30057431	PAN028.chr11.haplotype1:27540114-30009807
PAN011.chr11.haplotype2:30169725-30430688	PAN027.chr11.paternal:30210564-30471526	PAN028.chr11.haplotype1:30162941-30423902
PAN011.chr11.haplotype2:30400169-30938669	PAN027.chr11.paternal:30441007-30979505	PAN028.chr11.haplotype1:30393383-30931882
PAN011.chr11.haplotype2:30900053-34087229	PAN027.chr11.paternal:30940889-34128041	PAN028.chr11.haplotype1:30893267-34080442
PAN011.chr11.haplotype2:34081271-34196078	PAN027.chr11.paternal:34122083-34236888	PAN028.chr11.haplotype1:34074484-34189290
PAN011.chr11.haplotype2:34172221-34717896	PAN027.chr11.paternal:34213031-34758695	PAN028.chr11.haplotype1:34165433-34711101
PAN011.chr11.haplotype2:34693573-42303529	PAN027.chr11.paternal:34734372-42344282	PAN028.chr11.haplotype1:34686778-42296729
PAN011.chr11.haplotype2:42283432-43313253	PAN027.chr11.paternal:42324185-43354005	PAN028.chr11.haplotype1:42276632-43306451
PAN011.chr11.haplotype2:43293357-45963780	PAN027.chr11.paternal:43334109-46004482	PAN028.chr11.haplotype1:43286555-45956948
PAN011.chr11.haplotype2:46341058-46634255	PAN027.chr11.paternal:46381755-46674941	PAN028.chr11.haplotype1:46334223-46627415
PAN011.chr11.haplotype2:47215147-47504627	PAN027.chr11.paternal:47255823-47545291	PAN028.chr11.haplotype1:47208302-47497773
PAN011.chr11.haplotype2:48060616-57002753	PAN027.chr11.paternal:48101262-57045063	PAN028.chr11.haplotype1:48053754-56998426
PAN011.chr11.haplotype2:56982120-58785262	PAN027.chr11.paternal:57024429-58827555	PAN028.chr11.haplotype1:56977790-58780931
PAN011.chr11.haplotype2:58776681-58982936	PAN027.chr11.paternal:58818974-59025229	PAN028.chr11.haplotype1:58772350-58978605
PAN011.chr11.haplotype2:59001916-60846783	PAN027.chr11.paternal:59044209-60889062	PAN028.chr11.haplotype1:58997585-60842442
PAN011.chr11.haplotype2:61289553-62178769	PAN027.chr11.paternal:61331828-62221024	PAN028.chr11.haplotype1:61285209-62174410
PAN011.chr11.haplotype2:62396113-63314023	PAN027.chr11.paternal:62438367-63356284	PAN028.chr11.haplotype1:62391756-63309683
PAN011.chr11.haplotype2:63285228-63502405	PAN027.chr11.paternal:63327489-63544657	PAN028.chr11.haplotype1:63280889-63498060
PAN011.chr11.haplotype2:63444323-68024045	PAN027.chr11.paternal:63486578-68066212	PAN028.chr11.haplotype1:63439980-68019666
PAN011.chr12.haplotype1:1149063-1996239	PAN027.chr12.paternal:1148316-1995479	PAN028.chr12.haplotype2:1147404-1994573
PAN011.chr12.haplotype1:12973819-15549085	PAN027.chr12.paternal:12972932-15548179	PAN028.chr12.haplotype2:12972084-15547351
PAN011.chr12.haplotype1:15535436-15690322	PAN027.chr12.paternal:15534530-15689416	PAN028.chr12.haplotype2:15533702-15688588
PAN011.chr12.haplotype1:15678890-17283108	PAN027.chr12.paternal:15677984-17282192	PAN028.chr12.haplotype2:15677156-17281367
PAN011.chr12.haplotype1:17282473-18939930	PAN027.chr12.paternal:17281557-18939020	PAN028.chr12.haplotype2:17280732-18938205
PAN011.chr12.haplotype1:18919984-21634462	PAN027.chr12.paternal:18919074-21633519	PAN028.chr12.haplotype2:18918259-21632712
PAN011.chr12.haplotype1:1977677-2157533	PAN027.chr12.paternal:1976917-2156773	PAN028.chr12.haplotype2:1976010-2155867
PAN011.chr12.haplotype1:2152770-2615363	PAN027.chr12.paternal:2152010-2614603	PAN028.chr12.haplotype2:2151104-2613702
PAN011.chr12.haplotype1:21621682-25405560	PAN027.chr12.paternal:21620739-25404557	PAN028.chr12.haplotype2:21619932-25403780
PAN011.chr12.haplotype1:25381969-25557461	PAN027.chr12.paternal:25380967-25556458	PAN028.chr12.haplotype2:25380189-25555681
PAN011.chr12.haplotype1:25623967-29038000	PAN027.chr12.paternal:25622963-29036978	PAN028.chr12.haplotype2:25622188-29036213
PAN011.chr12.haplotype1:2590667-2998216	PAN027.chr12.paternal:2589907-2997453	PAN028.chr12.haplotype2:2589006-2996563
PAN011.chr12.haplotype1:29268937-30346683	PAN027.chr12.paternal:29267914-30345653	PAN028.chr12.haplotype2:29267151-30344900
PAN011.chr12.haplotype1:3005378-6947230	PAN027.chr12.paternal:3004615-6946404	PAN028.chr12.haplotype2:3003725-6945509
PAN011.chr12.haplotype1:30303491-33573987	PAN027.chr12.paternal:30302462-33572899	PAN028.chr12.haplotype2:30301709-33572184
PAN011.chr12.haplotype1:33537999-34065556	PAN027.chr12.paternal:33536906-34064460	PAN028.chr12.haplotype2:33536191-34063751
PAN011.chr12.haplotype1:34040447-36022831	PAN027.chr12.paternal:34039352-36021735	PAN028.chr12.haplotype2:34038643-36021029
PAN011.chr12.haplotype1:36010262-37655479	PAN027.chr12.paternal:36009166-37654382	PAN028.chr12.haplotype2:36008460-37653675
PAN011.chr12.haplotype1:37636391-43616137	PAN027.chr12.paternal:37635296-43615539	PAN028.chr12.haplotype2:37634589-43614845
PAN011.chr12.haplotype1:43629766-44599152	PAN027.chr12.paternal:43629168-44598538	PAN028.chr12.haplotype2:43628475-44597851
PAN011.chr12.haplotype1:44580203-46136347	PAN027.chr12.paternal:44579591-46135720	PAN028.chr12.haplotype2:44578904-46135043
PAN011.chr12.haplotype1:46221384-47501344	PAN027.chr12.paternal:46220761-47500714	PAN028.chr12.haplotype2:46220084-47500042
PAN011.chr12.haplotype1:47506515-48750651	PAN027.chr12.paternal:47505885-48750011	PAN028.chr12.haplotype2:47505213-48749350
PAN011.chr12.haplotype1:48737378-49728658	PAN027.chr12.paternal:48736738-49728006	PAN028.chr12.haplotype2:48736077-49727358
PAN011.chr12.haplotype1:49707125-51883393	PAN027.chr12.paternal:49706473-51882700	PAN028.chr12.haplotype2:49705825-51882084
PAN011.chr12.haplotype1:51940200-52025890	PAN027.chr12.paternal:51939506-52025195	PAN028.chr12.haplotype2:51938890-52024579
PAN011.chr12.haplotype1:52001301-53285277	PAN027.chr12.paternal:52000607-53284565	PAN028.chr12.haplotype2:51999991-53283962
PAN011.chr12.haplotype1:53321608-53688946	PAN027.chr12.paternal:53320896-53688223	PAN028.chr12.haplotype2:53320293-53687629
PAN011.chr12.haplotype1:53670896-54114157	PAN027.chr12.paternal:53670173-54113431	PAN028.chr12.haplotype2:53669577-54112838
PAN011.chr12.haplotype1:54101653-54684008	PAN027.chr12.paternal:54100927-54683285	PAN028.chr12.haplotype2:54100334-54682668
PAN011.chr12.haplotype1:54699234-56145837	PAN027.chr12.paternal:54698511-56145114	PAN028.chr12.haplotype2:54697894-56144498
PAN011.chr12.haplotype1:56449985-58030112	PAN027.chr12.paternal:56449252-58029351	PAN028.chr12.haplotype2:56448641-58028752
PAN011.chr12.haplotype1:58211695-59230976	PAN027.chr12.paternal:58210934-59230208	PAN028.chr12.haplotype2:58210338-59229613
PAN011.chr12.haplotype1:59208187-60042192	PAN027.chr12.paternal:59207419-60041421	PAN028.chr12.haplotype2:59206824-60040826
PAN011.chr12.haplotype1:60015287-64117365	PAN027.chr12.paternal:60014516-64116559	PAN028.chr12.haplotype2:60013921-64115983
PAN011.chr12.haplotype1:64082747-67141643	PAN027.chr12.paternal:64081942-67140803	PAN028.chr12.haplotype2:64081366-67140247
PAN011.chr12.haplotype1:6926907-7302578	PAN027.chr12.paternal:6926100-7301749	PAN028.chr12.haplotype2:6925237-7300855
PAN011.chr12.haplotype1:7410199-8118227	PAN027.chr12.paternal:7409369-8117380	PAN028.chr12.haplotype2:7408475-8116496
PAN011.chr12.haplotype1:8110673-8528546	PAN027.chr12.paternal:8109826-8527697	PAN028.chr12.haplotype2:8108942-8526819
PAN011.chr12.haplotype1:8504767-9882650	PAN027.chr12.paternal:8503918-9881794	PAN028.chr12.haplotype2:8503040-9880926
PAN011.chr12.haplotype1:9867576-12993912	PAN027.chr12.paternal:9866721-12993025	PAN028.chr12.haplotype2:9865853-12992177
PAN011.chr13.haplotype1:92954090-95593163	PAN027.chr13.paternal:90578147-93217181	PAN028.chr13.haplotype1:93837054-96476114
PAN011.chr13.haplotype1:95554844-99334933	PAN027.chr13.paternal:93178862-96958925	PAN028.chr13.haplotype1:96437794-100217864
PAN011.chr13.haplotype1:99326745-101693195	PAN027.chr13.paternal:96950737-99317205	PAN028.chr13.haplotype1:100209676-102576148
PAN011.chr13.haplotype2:44062002-44840330	PAN027.chr13.paternal:43557025-44335341	PAN028.chr13.haplotype1:46811546-47589865
PAN011.chr13.haplotype2:44823246-46285260	PAN027.chr13.paternal:44318257-45780264	PAN028.chr13.haplotype1:47572781-49034793
PAN011.chr13.haplotype2:46285517-47834639	PAN027.chr13.paternal:45780521-47329638	PAN028.chr13.haplotype1:49035050-50584168
PAN011.chr13.haplotype2:51529803-53159037	PAN027.chr13.paternal:51024841-52654061	PAN028.chr13.haplotype1:54283553-55912779
PAN011.chr13.haplotype2:53143319-54630552	PAN027.chr13.paternal:52638339-54125563	PAN028.chr13.haplotype1:55897061-57384290
PAN011.chr13.haplotype2:54604101-55982077	PAN027.chr13.paternal:54099112-55477083	PAN028.chr13.haplotype1:57357839-58735814
PAN011.chr13.haplotype2:56002835-57677748	PAN027.chr13.paternal:55497840-57172747	PAN028.chr13.haplotype1:58756571-60431481
PAN011.chr13.haplotype2:57654397-57859460	PAN027.chr13.paternal:57149396-57354460	PAN028.chr13.haplotype1:60408130-60613194
PAN011.chr13.haplotype2:58028100-58264486	PAN027.chr13.paternal:57523100-57759486	PAN028.chr13.haplotype1:60781835-61018221
PAN011.chr13.haplotype2:58364315-61090078	PAN027.chr13.paternal:57859315-60585063	PAN028.chr13.haplotype1:61118050-63843807
PAN011.chr13.haplotype2:61135898-62807851	PAN027.chr13.paternal:60630883-62302825	PAN028.chr13.haplotype1:63889627-65561574
PAN011.chr13.haplotype2:62786542-65363772	PAN027.chr13.paternal:62281516-64858715	PAN028.chr13.haplotype1:65540265-68117473
PAN011.chr13.haplotype2:65343236-65574521	PAN027.chr13.paternal:64838179-65069464	PAN028.chr13.haplotype1:68096937-68328223
PAN011.chr13.haplotype2:65551903-68781565	PAN027.chr13.paternal:65046846-68276474	PAN028.chr13.haplotype1:68305605-71535244
PAN011.chr13.haplotype2:68761232-70086378	PAN027.chr13.paternal:68256141-69581273	PAN028.chr13.haplotype1:71514911-72840051
PAN011.chr13.haplotype2:70018074-70347339	PAN027.chr13.paternal:69512973-69842229	PAN028.chr13.haplotype1:72771751-73101008
PAN011.chr13.haplotype2:70325011-71290495	PAN027.chr13.paternal:69819901-70785381	PAN028.chr13.haplotype1:73078680-74044163
PAN011.chr13.haplotype2:71291042-71814576	PAN027.chr13.paternal:70785928-71309460	PAN028.chr13.haplotype1:74044710-74568251
PAN011.chr13.haplotype2:71792458-71972542	PAN027.chr13.paternal:71287342-71467425	PAN028.chr13.haplotype1:74546132-74726216
PAN011.chr13.haplotype2:71970236-72448741	PAN027.chr13.paternal:71465119-71943618	PAN028.chr13.haplotype1:74723910-75202411
PAN011.chr13.haplotype2:72425470-73786680	PAN027.chr13.paternal:71920347-73281546	PAN028.chr13.haplotype1:75179140-76540346
PAN011.chr13.haplotype2:73760341-74208447	PAN027.chr13.paternal:73255207-73703313	PAN028.chr13.haplotype1:76514007-76962118
PAN011.chr13.haplotype2:74189918-77511137	PAN027.chr13.paternal:73684784-77005988	PAN028.chr13.haplotype1:76943589-80264803
PAN011.chr13.haplotype2:77630080-79659365	PAN027.chr13.paternal:77124929-79154196	PAN028.chr13.haplotype1:80383745-82413024
PAN011.chr13.haplotype2:79659582-81253379	PAN027.chr13.paternal:79154413-80748211	PAN028.chr13.haplotype1:82413241-84007049
PAN011.chr13.haplotype2:81231549-81601616	PAN027.chr13.paternal:80726382-81096445	PAN028.chr13.haplotype1:83985220-84355284
PAN011.chr13.haplotype2:81725212-81839241	PAN027.chr13.paternal:81220040-81334068	PAN028.chr13.haplotype1:84478879-84592906
PAN011.chr13.haplotype2:81824530-88457168	PAN027.chr13.paternal:81319357-87951924	PAN028.chr13.haplotype1:84578195-91210806
PAN011.chr13.haplotype2:88421039-91061901	PAN027.chr13.paternal:87915796-90556621	PAN028.chr13.haplotype1:91174677-93815527
PAN011.chr14.haplotype1:17885417-18922486	PAN027.chr14.paternal:17967140-19004189	PAN028.chr14.haplotype2:18041346-19078410
PAN011.chr14.haplotype1:18905048-19391139	PAN027.chr14.paternal:18986753-19472826	PAN028.chr14.haplotype2:19060967-19547048
PAN011.chr14.haplotype1:19347135-26251190	PAN027.chr14.paternal:19428824-26332831	PAN028.chr14.haplotype2:19503045-26407087
PAN011.chr14.haplotype1:26234303-27951422	PAN027.chr14.paternal:26315946-28033033	PAN028.chr14.haplotype2:26390202-28107304
PAN011.chr14.haplotype1:27926835-29142148	PAN027.chr14.paternal:28008446-29223746	PAN028.chr14.haplotype2:28082717-29298020
PAN011.chr14.haplotype1:29115079-29906044	PAN027.chr14.paternal:29196677-29987631	PAN028.chr14.haplotype2:29270951-30061914
PAN011.chr14.haplotype1:29897230-31497670	PAN027.chr14.paternal:29978817-31579072	PAN028.chr14.haplotype2:30053100-31653580
PAN011.chr14.haplotype1:31697155-37325185	PAN027.chr14.paternal:31778555-37406541	PAN028.chr14.haplotype2:31853062-37481066
PAN011.chr14.haplotype1:3657796-17906576	PAN027.chr14.paternal:3743703-17988298	PAN028.chr14.haplotype2:3815126-18062505
PAN011.chr14.haplotype1:95004310-96103117	PAN027.chr14.paternal:95104168-96202958	PAN028.chr14.haplotype2:95128655-96227455
PAN011.chr14.haplotype1:96086740-101250373	PAN027.chr14.paternal:96186581-101305003	PAN028.chr14.haplotype2:96211078-101374683
PAN011.chr14.haplotype2:34621770-36662767	PAN027.chr14.paternal:37385298-39426268	PAN028.chr14.haplotype2:37459823-39500801
PAN011.chr14.haplotype2:36637989-42998276	PAN027.chr14.paternal:39401491-45761733	PAN028.chr14.haplotype2:39476024-45836270
PAN011.chr14.haplotype2:43057649-44877304	PAN027.chr14.paternal:45821108-47640733	PAN028.chr14.haplotype2:45895647-47715292
PAN011.chr14.haplotype2:44904946-47905658	PAN027.chr14.paternal:47668374-50669066	PAN028.chr14.haplotype2:47742933-50743658
PAN011.chr15.haplotype2:10862110-12816878	PAN027.chr15.paternal:10868775-12823544	PAN028.chr15.haplotype2:9720437-11675207
PAN011.chr15.haplotype2:12923197-13064688	PAN027.chr15.paternal:12929863-13071354	PAN028.chr15.haplotype2:11781526-11923017
PAN011.chr15.haplotype2:13044066-15242163	PAN027.chr15.paternal:13050732-15259072	PAN028.chr15.haplotype2:11902395-14110734
PAN011.chr15.haplotype2:15240264-15634830	PAN027.chr15.paternal:15257173-15651270	PAN028.chr15.haplotype2:14108716-14502932
PAN011.chr15.haplotype2:15755934-21674958	PAN027.chr15.paternal:15773058-21691765	PAN028.chr15.haplotype2:14624720-20543490
PAN011.chr15.haplotype2:21652577-24480864	PAN027.chr15.paternal:21669385-24497649	PAN028.chr15.haplotype2:20521110-23349381
PAN011.chr15.haplotype2:24456774-24966797	PAN027.chr15.paternal:24473560-24983568	PAN028.chr15.haplotype2:23325292-23835303
PAN011.chr15.haplotype2:24942489-26436260	PAN027.chr15.paternal:24959260-26452996	PAN028.chr15.haplotype2:23810995-25304782
PAN011.chr15.haplotype2:26430438-26792204	PAN027.chr15.paternal:26447174-26808934	PAN028.chr15.haplotype2:25298960-25660723
PAN011.chr15.haplotype2:26773568-29687821	PAN027.chr15.paternal:26790298-29704503	PAN028.chr15.haplotype2:25642087-28556311
PAN011.chr15.haplotype2:29679829-34133310	PAN027.chr15.paternal:29696511-34149960	PAN028.chr15.haplotype2:28548319-33001913
PAN011.chr15.haplotype2:58316710-58440459	PAN027.chr15.paternal:58333060-58456808	PAN028.chr15.haplotype2:57176256-57300031
PAN011.chr15.haplotype2:59485830-62895960	PAN027.chr15.paternal:59502174-62912248	PAN028.chr15.haplotype2:58346098-61756376
PAN011.chr15.haplotype2:5980112-6329853	PAN027.chr15.paternal:5986781-6336520	PAN028.chr15.haplotype2:4838447-5188185
PAN011.chr15.haplotype2:62873689-63059878	PAN027.chr15.paternal:62889977-63076164	PAN028.chr15.haplotype2:61734105-61920294
PAN011.chr15.haplotype2:63036926-64165523	PAN027.chr15.paternal:63053214-64181797	PAN028.chr15.haplotype2:61897343-63025930
PAN011.chr15.haplotype2:6307678-6588094	PAN027.chr15.paternal:6314345-6594761	PAN028.chr15.haplotype2:5166010-5446421
PAN011.chr15.haplotype2:64142965-64467254	PAN027.chr15.paternal:64159240-64483524	PAN028.chr15.haplotype2:63003373-63327659
PAN011.chr15.haplotype2:64462309-64771223	PAN027.chr15.paternal:64478579-64787483	PAN028.chr15.haplotype2:63322714-63631622
PAN011.chr15.haplotype2:64852169-65173522	PAN027.chr15.paternal:64868428-65189766	PAN028.chr15.haplotype2:63712567-64033918
PAN011.chr15.haplotype2:65157669-65247124	PAN027.chr15.paternal:65173926-65263380	PAN028.chr15.haplotype2:64018065-64107519
PAN011.chr15.haplotype2:65238485-66793543	PAN027.chr15.paternal:65254741-66809786	PAN028.chr15.haplotype2:64098880-65653939
PAN011.chr15.haplotype2:6563893-10884274	PAN027.chr15.paternal:6570560-10890939	PAN028.chr15.haplotype2:5422220-9742601
PAN011.chr15.haplotype2:66767866-67439949	PAN027.chr15.paternal:66784109-67456186	PAN028.chr15.haplotype2:65628262-66300344
PAN011.chr15.haplotype2:67458908-67609764	PAN027.chr15.paternal:67475145-67626001	PAN028.chr15.haplotype2:66319303-66470159
PAN011.chr15.haplotype2:67631734-67931044	PAN027.chr15.paternal:67647971-67947281	PAN028.chr15.haplotype2:66492129-66791440
PAN011.chr15.haplotype2:67910851-69580672	PAN027.chr15.paternal:67927087-69596877	PAN028.chr15.haplotype2:66771247-68441048
PAN011.chr15.haplotype2:69766754-71826210	PAN027.chr15.paternal:69782958-71842382	PAN028.chr15.haplotype2:68627132-70686567
PAN011.chr15.haplotype2:71839873-73839958	PAN027.chr15.paternal:71856040-73856090	PAN028.chr15.haplotype2:70700225-72700295
PAN011.chr15.haplotype2:78210425-78983847	PAN027.chr15.paternal:78226621-79000035	PAN028.chr15.haplotype2:77070949-77844376
PAN011.chr15.haplotype2:78965515-83898323	PAN027.chr15.paternal:78981703-83914464	PAN028.chr15.haplotype2:77826044-82758845
PAN011.chr15.haplotype2:83876526-85682406	PAN027.chr15.paternal:83892667-85698529	PAN028.chr15.haplotype2:82737048-84542916
PAN011.chr15.haplotype2:85661170-86833609	PAN027.chr15.paternal:85677293-86849716	PAN028.chr15.haplotype2:84521680-85694113
PAN011.chr15.haplotype2:86810876-88946130	PAN027.chr15.paternal:86826983-88962204	PAN028.chr15.haplotype2:85671380-87806620
PAN011.chr15.haplotype2:88939063-93077595	PAN027.chr15.paternal:88955137-93093622	PAN028.chr15.haplotype2:87799553-91938067
PAN011.chr15.haplotype2:93053639-94398258	PAN027.chr15.paternal:93069666-94414276	PAN028.chr15.haplotype2:91914111-93258721
PAN011.chr15.haplotype2:94377712-95664779	PAN027.chr15.paternal:94393730-95680786	PAN028.chr15.haplotype2:93238175-94525239
PAN011.chr15.haplotype2:95643152-95784719	PAN027.chr15.paternal:95659159-95800725	PAN028.chr15.haplotype2:94503612-94645179
PAN011.chr15.haplotype2:95775738-96088728	PAN027.chr15.paternal:95791744-96104735	PAN028.chr15.haplotype2:94636198-94949190
PAN011.chr15.haplotype2:96062363-96604289	PAN027.chr15.paternal:96078370-96620201	PAN028.chr15.haplotype2:94922825-95464658
PAN011.chr16.haplotype2:10106449-10245038	PAN027.chr16.paternal:10107152-10245740	PAN028.chr16.haplotype1:10364019-10502609
PAN011.chr16.haplotype2:10227592-10741683	PAN027.chr16.paternal:10228294-10742355	PAN028.chr16.haplotype1:10485163-10999230
PAN011.chr16.haplotype2:10721291-13035517	PAN027.chr16.paternal:10721963-13036118	PAN028.chr16.haplotype1:10978838-13293039
PAN011.chr16.haplotype2:12991207-16740368	PAN027.chr16.paternal:12991811-16741481	PAN028.chr16.haplotype1:13248728-16998388
PAN011.chr16.haplotype2:16727814-17753443	PAN027.chr16.paternal:16728927-17754545	PAN028.chr16.haplotype1:16985834-18011466
PAN011.chr16.haplotype2:17730228-18531861	PAN027.chr16.paternal:17731331-18532956	PAN028.chr16.haplotype1:17988252-18789879
PAN011.chr16.haplotype2:18443947-20126698	PAN027.chr16.paternal:18445045-20127730	PAN028.chr16.haplotype1:18701966-20384677
PAN011.chr16.haplotype2:20123367-23365673	PAN027.chr16.paternal:20124399-23366645	PAN028.chr16.haplotype1:20381346-23623632
PAN011.chr16.haplotype2:23332566-27655378	PAN027.chr16.paternal:23333538-27656233	PAN028.chr16.haplotype1:23590525-27913312
PAN011.chr16.haplotype2:27835481-31313813	PAN027.chr16.paternal:27836335-31314556	PAN028.chr16.haplotype1:28093414-31571693
PAN011.chr16.haplotype2:31295206-31893722	PAN027.chr16.paternal:31295949-31894457	PAN028.chr16.haplotype1:31553086-32151598
PAN011.chr16.haplotype2:31872594-32366726	PAN027.chr16.paternal:31873329-32367455	PAN028.chr16.haplotype1:32130470-32624599
PAN011.chr16.haplotype2:32223023-32383191	PAN027.chr16.paternal:32223754-32383920	PAN028.chr16.haplotype1:32480897-32641064
PAN011.chr16.haplotype2:34247949-37317125	PAN027.chr16.paternal:34248652-37316127	PAN028.chr16.haplotype1:34441412-37510586
PAN011.chr16.haplotype2:37295121-37480454	PAN027.chr16.paternal:37294123-37479456	PAN028.chr16.haplotype1:37488582-37673915
PAN011.chr16.haplotype2:37452607-37692359	PAN027.chr16.paternal:37451609-37691361	PAN028.chr16.haplotype1:37646068-37885820
PAN011.chr16.haplotype2:37681438-38060321	PAN027.chr16.paternal:37680440-38059284	PAN028.chr16.haplotype1:37874899-38253749
PAN011.chr16.haplotype2:38039559-38854787	PAN027.chr16.paternal:38038522-38853747	PAN028.chr16.haplotype1:38232987-39048218
PAN011.chr16.haplotype2:38833151-42887270	PAN027.chr16.paternal:38832111-42886230	PAN028.chr16.haplotype1:39026582-43080702
PAN011.chr16.haplotype2:42919355-46608983	PAN027.chr16.paternal:42918315-46607943	PAN028.chr16.haplotype1:43112786-46802414
PAN011.chr16.haplotype2:46693185-47393575	PAN027.chr16.paternal:46692142-47392517	PAN028.chr16.haplotype1:46886615-47586994
PAN011.chr16.haplotype2:48175118-50407151	PAN027.chr16.paternal:48174053-50406062	PAN028.chr16.haplotype1:48368532-50600558
PAN011.chr16.haplotype2:50384801-51999587	PAN027.chr16.paternal:50383712-51998489	PAN028.chr16.haplotype1:50578208-52192990
PAN011.chr16.haplotype2:51978722-53722241	PAN027.chr16.paternal:51977624-53721123	PAN028.chr16.haplotype1:52172125-53915630
PAN011.chr16.haplotype2:53746360-54187666	PAN027.chr16.paternal:53745242-54186544	PAN028.chr16.haplotype1:53939749-54381053
PAN011.chr16.haplotype2:54171052-54290446	PAN027.chr16.paternal:54169930-54289325	PAN028.chr16.haplotype1:54364439-54483835
PAN011.chr16.haplotype2:54266835-56137272	PAN027.chr16.paternal:54265715-56136120	PAN028.chr16.haplotype1:54460224-56330642
PAN011.chr16.haplotype2:54271696-54290825	PAN027.chr16.paternal:54270576-54289704	PAN028.chr16.haplotype1:54465086-54484214
PAN011.chr16.haplotype2:56112523-56372328	PAN027.chr16.paternal:56111372-56371174	PAN028.chr16.haplotype1:56305894-56565697
PAN011.chr16.haplotype2:56348645-59681762	PAN027.chr16.paternal:56347491-59680555	PAN028.chr16.haplotype1:56542014-59875122
PAN011.chr16.haplotype2:59659973-61234038	PAN027.chr16.paternal:59658766-61232820	PAN028.chr16.haplotype1:59853333-61427395
PAN011.chr16.haplotype2:61316677-61484955	PAN027.chr16.paternal:61315459-61483734	PAN028.chr16.haplotype1:61510035-61678312
PAN011.chr16.haplotype2:85253351-86070283	PAN027.chr16.paternal:85251731-86068652	PAN028.chr16.haplotype1:85384193-86201119
PAN011.chr16.haplotype2:86051338-89139624	PAN027.chr16.paternal:86049707-89137942	PAN028.chr16.haplotype1:86182177-89270435
PAN011.chr16.haplotype2:89122252-89199715	PAN027.chr16.paternal:89120570-89198032	PAN028.chr16.haplotype1:89253063-89330525
PAN011.chr16.haplotype2:89175964-89247498	PAN027.chr16.paternal:89174282-89245818	PAN028.chr16.haplotype1:89306775-89378302
PAN011.chr16.haplotype2:89230024-89605773	PAN027.chr16.paternal:89228341-89604100	PAN028.chr16.haplotype1:89360834-89736576
PAN011.chr17.haplotype1:1212596-3079803	PAN027.chr17.paternal:1220610-3087844	PAN028.chr17.haplotype1:1216021-3082822
PAN011.chr17.haplotype1:236575-1224013	PAN027.chr17.paternal:238808-1217882	PAN028.chr17.haplotype1:239671-1227070
PAN011.chr17.haplotype1:3063391-3559965	PAN027.chr17.paternal:3071432-3567993	PAN028.chr17.haplotype1:3066410-3562976
PAN011.chr17.haplotype1:3539511-7759464	PAN027.chr17.paternal:3547539-7767195	PAN028.chr17.haplotype1:3542521-7762449
PAN011.chr17.haplotype1:7790455-8373923	PAN027.chr17.paternal:7798186-8381635	PAN028.chr17.haplotype1:7793441-8376898
PAN011.chr17.haplotype1:83209871-83713684	PAN027.chr17.paternal:82289151-82792957	PAN028.chr17.haplotype1:82775255-83279064
PAN011.chr17.haplotype1:83695476-84250173	PAN027.chr17.paternal:82774749-83329567	PAN028.chr17.haplotype1:83260856-83815683
PAN011.chr17.haplotype2:30772899-33053059	PAN027.chr17.paternal:30777575-33057685	PAN028.chr17.haplotype1:31272678-33552884
PAN011.chr17.haplotype2:33173904-33233853	PAN027.chr17.paternal:33178522-33238471	PAN028.chr17.haplotype1:33673722-33733671
PAN011.chr17.haplotype2:33214713-35451478	PAN027.chr17.paternal:33219331-35456073	PAN028.chr17.haplotype1:33714531-35951277
PAN011.chr17.haplotype2:35427645-37220587	PAN027.chr17.paternal:35432240-37225154	PAN028.chr17.haplotype1:35927444-37720360
PAN011.chr17.haplotype2:37312416-39441592	PAN027.chr17.paternal:37316981-39446104	PAN028.chr17.haplotype1:37812198-39941355
PAN011.chr17.haplotype2:39544316-40407023	PAN027.chr17.paternal:39548826-40411517	PAN028.chr17.haplotype1:40044077-40906790
PAN011.chr17.haplotype2:40379919-40589246	PAN027.chr17.paternal:40384416-40593737	PAN028.chr17.haplotype1:40879688-41089013
PAN011.chr17.haplotype2:40566796-40863640	PAN027.chr17.paternal:40571287-40868125	PAN028.chr17.haplotype1:41066562-41363404
PAN011.chr17.haplotype2:40841375-46116163	PAN027.chr17.paternal:40845860-46120479	PAN028.chr17.haplotype1:41341139-46615856
PAN011.chr17.haplotype2:46123284-46244917	PAN027.chr17.paternal:46127600-46249231	PAN028.chr17.haplotype1:46622977-46744608
PAN011.chr17.haplotype2:46231865-46550341	PAN027.chr17.paternal:46236181-46554653	PAN028.chr17.haplotype1:46731558-47050031
PAN011.chr17.haplotype2:46591571-47769766	PAN027.chr17.paternal:46595883-47774064	PAN028.chr17.haplotype1:47091262-48269456
PAN011.chr17.haplotype2:47899209-48547807	PAN027.chr17.paternal:47903503-48552084	PAN028.chr17.haplotype1:48398895-49047491
PAN011.chr17.haplotype2:48624123-49289740	PAN027.chr17.paternal:48628398-49293995	PAN028.chr17.haplotype1:49123806-49789417
PAN011.chr17.haplotype2:49305141-49542722	PAN027.chr17.paternal:49309396-49546967	PAN028.chr17.haplotype1:49804817-50042400
PAN011.chr18.haplotype1:60921-2063242	PAN027.chr18.paternal:62744-2065012	PAN028.chr18.haplotype2:62859-2065137
PAN011.chr18.haplotype1:75885894-76811865	PAN027.chr18.paternal:75545081-76471061	PAN028.chr18.haplotype2:76231662-77157646
PAN011.chr18.haplotype2:47379113-47585722	PAN027.chr18.paternal:47376865-47583471	PAN028.chr18.haplotype1:49320658-49527292
PAN011.chr18.haplotype2:63649560-64490574	PAN027.chr18.paternal:63647144-64488154	PAN028.chr18.haplotype2:64333678-65174692
PAN011.chr18.haplotype2:64466753-66083189	PAN027.chr18.paternal:64464333-66080760	PAN028.chr18.haplotype2:65150871-66767310
PAN011.chr18.haplotype2:66071828-67314605	PAN027.chr18.paternal:66069399-67312171	PAN028.chr18.haplotype2:66755949-67998720
PAN011.chr18.haplotype2:67294358-68386633	PAN027.chr18.paternal:67291924-68384182	PAN028.chr18.haplotype2:67978473-69070737
PAN011.chr18.haplotype2:68385019-68828938	PAN027.chr18.paternal:68382571-68823153	PAN028.chr18.haplotype2:69069123-69509711
PAN011.chr18.haplotype2:69211657-71372614	PAN027.chr18.paternal:69205869-71366804	PAN028.chr18.haplotype2:69892429-72053371
PAN011.chr18.haplotype2:71370981-74942434	PAN027.chr18.paternal:71365171-74936605	PAN028.chr18.haplotype2:72051738-75623185
PAN011.chr18.haplotype2:75039024-75565783	PAN027.chr18.paternal:75033193-75559952	PAN028.chr18.haplotype2:75719773-76246534
PAN011.chr19.haplotype2:17645453-18877606	PAN027.chr19.paternal:17649996-18882091	PAN028.chr19.haplotype1:17550549-18782683
PAN011.chr19.haplotype2:18857312-35426626	PAN027.chr19.paternal:18861797-35431621	PAN028.chr19.haplotype1:18762389-35331965
PAN011.chr19.haplotype2:35402273-36239588	PAN027.chr19.paternal:35407268-36244578	PAN028.chr19.haplotype1:35307612-36144923
PAN011.chr19.haplotype2:36218871-36459744	PAN027.chr19.paternal:36223861-36464732	PAN028.chr19.haplotype1:36124206-36365077
PAN011.chr19.haplotype2:36438654-36515567	PAN027.chr19.paternal:36443642-36520556	PAN028.chr19.haplotype1:36343987-36420901
PAN011.chr19.haplotype2:36496400-36600438	PAN027.chr19.paternal:36501389-36605427	PAN028.chr19.haplotype1:36401734-36505773
PAN011.chr19.haplotype2:36583222-37784163	PAN027.chr19.paternal:36588211-37789098	PAN028.chr19.haplotype1:36488557-37689461
PAN011.chr19.haplotype2:42969993-43198896	PAN027.chr19.paternal:42974852-43203749	PAN028.chr19.haplotype1:42875832-43104728
PAN011.chr19.haplotype2:43058335-44952786	PAN027.chr19.paternal:43063190-44957595	PAN028.chr19.haplotype1:42964170-44858612
PAN011.chr19.haplotype2:45003886-45107957	PAN027.chr19.paternal:45008694-45112763	PAN028.chr19.haplotype1:44909714-45013785
PAN011.chr19.haplotype2:45088333-45776622	PAN027.chr19.paternal:45093140-45781418	PAN028.chr19.haplotype1:44994162-45682445
PAN011.chr19.haplotype2:45755080-46493104	PAN027.chr19.paternal:45759876-46497891	PAN028.chr19.haplotype1:45660903-46398921
PAN011.chr19.haplotype2:46528096-46658522	PAN027.chr19.paternal:46532882-46663307	PAN028.chr19.haplotype1:46433913-46564339
PAN011.chr19.haplotype2:47168536-48268315	PAN027.chr19.paternal:47173319-48273086	PAN028.chr19.haplotype1:47074353-48174128
PAN011.chr19.haplotype2:48257794-48593635	PAN027.chr19.paternal:48262566-48598401	PAN028.chr19.haplotype1:48163606-48499448
PAN011.chr19.haplotype2:48605551-48755523	PAN027.chr19.paternal:48610317-48760288	PAN028.chr19.haplotype1:48511364-48661335
PAN011.chr19.haplotype2:48743872-49064949	PAN027.chr19.paternal:48748637-49069715	PAN028.chr19.haplotype1:48649684-48970764
PAN011.chr19.haplotype2:49046535-49795023	PAN027.chr19.paternal:49051301-49799767	PAN028.chr19.haplotype1:48952350-49700834
PAN011.chr2.haplotype1:140893801-142475291	PAN027.chr2.paternal:144003262-145584751	PAN028.chr2.haplotype1:144004063-145585560
PAN011.chr2.haplotype1:142468466-144207226	PAN027.chr2.paternal:145577926-147316677	PAN028.chr2.haplotype1:145578735-147317490
PAN011.chr2.haplotype1:144255645-148078970	PAN027.chr2.paternal:147365096-151188392	PAN028.chr2.haplotype1:147365909-151189213
PAN011.chr2.haplotype1:148069560-150321886	PAN027.chr2.paternal:151178982-153431285	PAN028.chr2.haplotype1:151179803-153432116
PAN011.chr2.haplotype1:150323745-150562117	PAN027.chr2.paternal:153433144-153671513	PAN028.chr2.haplotype1:153433976-153672346
PAN011.chr2.haplotype1:150535314-151505553	PAN027.chr2.paternal:153644710-154614936	PAN028.chr2.haplotype1:153645543-154615779
PAN011.chr2.haplotype1:151480822-151899899	PAN027.chr2.paternal:154590205-155009277	PAN028.chr2.haplotype1:154591048-155010124
PAN011.chr2.haplotype1:151875378-155362262	PAN027.chr2.paternal:154984756-158471605	PAN028.chr2.haplotype1:154985603-158472473
PAN011.chr2.haplotype1:155364828-155844076	PAN027.chr2.paternal:158474171-158953413	PAN028.chr2.haplotype1:158475039-158954282
PAN011.chr2.haplotype1:155817917-156813724	PAN027.chr2.paternal:158927255-159923058	PAN028.chr2.haplotype1:158928124-159923935
PAN011.chr2.haplotype1:156973844-157746813	PAN027.chr2.paternal:160083176-160856139	PAN028.chr2.haplotype1:160084057-160857022
PAN011.chr2.haplotype1:157728184-157975962	PAN027.chr2.paternal:160837510-161085283	PAN028.chr2.haplotype1:160838393-161086171
PAN011.chr2.haplotype1:157947657-159227445	PAN027.chr2.paternal:161056978-162336753	PAN028.chr2.haplotype1:161057865-162337649
PAN011.chr2.haplotype1:159207627-160590837	PAN027.chr2.paternal:162316935-163700135	PAN028.chr2.haplotype1:162317831-163701038
PAN011.chr2.haplotype1:160568292-161028598	PAN027.chr2.paternal:163677590-164137895	PAN028.chr2.haplotype1:163678493-164138800
PAN011.chr2.haplotype1:161008166-162379753	PAN027.chr2.paternal:164117464-165489047	PAN028.chr2.haplotype1:164118369-165489955
PAN011.chr2.haplotype1:162352563-164806257	PAN027.chr2.paternal:165461857-167915527	PAN028.chr2.haplotype1:165462765-167916443
PAN011.chr2.haplotype1:164779102-165255266	PAN027.chr2.paternal:167888372-168364529	PAN028.chr2.haplotype1:167889288-168365452
PAN011.chr2.haplotype1:165227653-165848082	PAN027.chr2.paternal:168336916-168957340	PAN028.chr2.haplotype1:168337839-168958265
PAN011.chr2.haplotype1:165830739-167113170	PAN027.chr2.paternal:168939997-170222418	PAN028.chr2.haplotype1:168940922-170223341
PAN011.chr2.haplotype2:100772316-100886693	PAN027.chr2.paternal:100724354-100838730	PAN028.chr2.haplotype1:100724880-100839256
PAN011.chr2.haplotype2:100867381-101848157	PAN027.chr2.paternal:100819418-101800180	PAN028.chr2.haplotype1:100819944-101800710
PAN011.chr2.haplotype2:101824773-102646660	PAN027.chr2.paternal:101776796-102598675	PAN028.chr2.haplotype1:101777326-102599208
PAN011.chr2.haplotype2:102625911-103187123	PAN027.chr2.paternal:102577926-103139126	PAN028.chr2.haplotype1:102578459-103139663
PAN011.chr2.haplotype2:103174199-103838729	PAN027.chr2.paternal:103126202-103790722	PAN028.chr2.haplotype1:103126739-103791261
PAN011.chr2.haplotype2:103820132-105590962	PAN027.chr2.paternal:103772125-105542962	PAN028.chr2.haplotype1:103772663-105543512
PAN011.chr2.haplotype2:105271728-105778804	PAN027.chr2.paternal:105223714-105731006	PAN028.chr2.haplotype1:105224260-105731571
PAN011.chr2.haplotype2:105597160-108110510	PAN027.chr2.paternal:105549277-108062678	PAN028.chr2.haplotype1:105549871-108063250
PAN011.chr2.haplotype2:108106569-108242606	PAN027.chr2.paternal:108058737-108194771	PAN028.chr2.haplotype1:108059309-108195344
PAN011.chr2.haplotype2:108217435-108646982	PAN027.chr2.paternal:108169601-108599133	PAN028.chr2.haplotype1:108170173-108599720
PAN011.chr2.haplotype2:108914226-110651018	PAN027.chr2.paternal:108866377-110603155	PAN028.chr2.haplotype1:108866964-110603749
PAN011.chr2.haplotype2:110631840-112999317	PAN027.chr2.paternal:110583977-112951422	PAN028.chr2.haplotype1:110584571-112952028
PAN011.chr2.haplotype2:112975782-115402554	PAN027.chr2.paternal:112927887-115354640	PAN028.chr2.haplotype1:112928493-115355258
PAN011.chr2.haplotype2:115381829-116727833	PAN027.chr2.paternal:115333915-116679905	PAN028.chr2.haplotype1:115334533-116680531
PAN011.chr2.haplotype2:116705023-117993970	PAN027.chr2.paternal:116657095-117946028	PAN028.chr2.haplotype1:116657721-117946661
PAN011.chr2.haplotype2:118193220-119091045	PAN027.chr2.paternal:118145277-119043099	PAN028.chr2.haplotype1:118145911-119043735
PAN011.chr2.haplotype2:118950150-120778328	PAN027.chr2.paternal:118902204-120730373	PAN028.chr2.haplotype1:118902839-120731013
PAN011.chr2.haplotype2:120755254-124170624	PAN027.chr2.paternal:120707299-124122621	PAN028.chr2.haplotype1:120707939-124123296
PAN011.chr2.haplotype2:124151818-124720978	PAN027.chr2.paternal:124103816-124672972	PAN028.chr2.haplotype1:124104491-124673646
PAN011.chr2.haplotype2:124698274-125063137	PAN027.chr2.paternal:124650268-125015131	PAN028.chr2.haplotype1:124650942-125015807
PAN011.chr2.haplotype2:125037014-126964061	PAN027.chr2.paternal:124989008-126916049	PAN028.chr2.haplotype1:124989684-126916735
PAN011.chr2.haplotype2:126935397-127122575	PAN027.chr2.paternal:126887385-127074562	PAN028.chr2.haplotype1:126888071-127075248
PAN011.chr2.haplotype2:127102159-127371145	PAN027.chr2.paternal:127054146-127323132	PAN028.chr2.haplotype1:127054832-127323819
PAN011.chr2.haplotype2:127350098-128464483	PAN027.chr2.paternal:127302085-128416462	PAN028.chr2.haplotype1:127302772-128417155
PAN011.chr2.haplotype2:128444730-135399432	PAN027.chr2.paternal:128396709-135351332	PAN028.chr2.haplotype1:128397402-135352082
PAN011.chr2.haplotype2:135378477-136141850	PAN027.chr2.paternal:135330377-136093741	PAN028.chr2.haplotype1:135331127-136094496
PAN011.chr2.haplotype2:136116114-136475346	PAN027.chr2.paternal:136068005-136427236	PAN028.chr2.haplotype1:136068758-136427996
PAN011.chr2.haplotype2:136457142-137223576	PAN027.chr2.paternal:136409032-137175457	PAN028.chr2.haplotype1:136409792-137176224
PAN011.chr2.haplotype2:138020604-138210439	PAN027.chr2.paternal:137972470-138162302	PAN028.chr2.haplotype1:137973245-138163077
PAN011.chr2.haplotype2:138189562-139006297	PAN027.chr2.paternal:138141425-138958157	PAN028.chr2.haplotype1:138142199-138958934
PAN011.chr2.haplotype2:139041294-140700490	PAN027.chr2.paternal:138993154-140652337	PAN028.chr2.haplotype1:138993931-140653116
PAN011.chr2.haplotype2:140590541-140747923	PAN027.chr2.paternal:140542388-140699770	PAN028.chr2.haplotype1:140543168-140700549
PAN011.chr2.haplotype2:140721783-141056784	PAN027.chr2.paternal:140673630-141008626	PAN028.chr2.haplotype1:140674409-141009408
PAN011.chr2.haplotype2:141034977-143304988	PAN027.chr2.paternal:140986819-143256806	PAN028.chr2.haplotype1:140987601-143257603
PAN011.chr2.haplotype2:143287901-143855875	PAN027.chr2.paternal:143239722-143807685	PAN028.chr2.haplotype1:143240517-143808486
PAN011.chr2.haplotype2:143829014-144070326	PAN027.chr2.paternal:143780824-144022136	PAN028.chr2.haplotype1:143781625-144022937
PAN011.chr2.haplotype2:72480923-72797313	PAN027.chr2.paternal:72431235-72747624	PAN028.chr2.haplotype1:72431539-72747929
PAN011.chr2.haplotype2:72822090-79000146	PAN027.chr2.paternal:72772401-78950358	PAN028.chr2.haplotype1:72772707-78950708
PAN011.chr2.haplotype2:78976506-86890369	PAN027.chr2.paternal:78926718-86840496	PAN028.chr2.haplotype1:78927068-86840903
PAN011.chr2.haplotype2:86871621-87872227	PAN027.chr2.paternal:86821748-87822347	PAN028.chr2.haplotype1:86822155-87822768
PAN011.chr2.haplotype2:87848692-88040570	PAN027.chr2.paternal:87798812-87990685	PAN028.chr2.haplotype1:87799233-87991107
PAN011.chr2.haplotype2:87897825-88254100	PAN027.chr2.paternal:87847943-88204212	PAN028.chr2.haplotype1:87848364-88204635
PAN011.chr2.haplotype2:88247626-88329558	PAN027.chr2.paternal:88197738-88279638	PAN028.chr2.haplotype1:88198161-88280096
PAN011.chr2.haplotype2:88396560-88936172	PAN027.chr2.paternal:88346639-88886238	PAN028.chr2.haplotype1:88347097-88886703
PAN011.chr2.haplotype2:89056432-89103846	PAN027.chr2.paternal:89006498-89053912	PAN028.chr2.haplotype1:89006964-89054378
PAN011.chr2.haplotype2:89125512-90155093	PAN027.chr2.paternal:89075578-90105144	PAN028.chr2.haplotype1:89076044-90105619
PAN011.chr2.haplotype2:90796124-91799993	PAN027.chr2.paternal:90746168-91750027	PAN028.chr2.haplotype1:90746655-91750518
PAN011.chr2.haplotype2:91777784-97418313	PAN027.chr2.paternal:91727818-97370380	PAN028.chr2.haplotype1:91728309-97370883
PAN011.chr2.haplotype2:97396457-99020489	PAN027.chr2.paternal:97348524-98972546	PAN028.chr2.haplotype1:97349027-98973061
PAN011.chr2.haplotype2:98999124-99881428	PAN027.chr2.paternal:98951182-99833473	PAN028.chr2.haplotype1:98951697-99833995
PAN011.chr2.haplotype2:99859798-100796477	PAN027.chr2.paternal:99811844-100748515	PAN028.chr2.haplotype1:99812365-100749041
PAN011.chr20.haplotype1:10579784-10700699	PAN027.chr20.paternal:10583927-10704842	PAN028.chr20.haplotype1:10584684-10705599
PAN011.chr20.haplotype1:10826701-11099553	PAN027.chr20.paternal:10830843-11103695	PAN028.chr20.haplotype1:10831600-11104452
PAN011.chr20.haplotype1:11090164-15104800	PAN027.chr20.paternal:11094306-15108915	PAN028.chr20.haplotype1:11095063-15109685
PAN011.chr20.haplotype1:15086459-15116627	PAN027.chr20.paternal:15090574-15120742	PAN028.chr20.haplotype1:15091344-15121512
PAN011.chr20.haplotype1:15092531-15878519	PAN027.chr20.paternal:15096646-15882599	PAN028.chr20.haplotype1:15097416-15883398
PAN011.chr20.haplotype1:15862686-16214566	PAN027.chr20.paternal:15866767-16218642	PAN028.chr20.haplotype1:15867566-16219444
PAN011.chr20.haplotype1:16211203-17408472	PAN027.chr20.paternal:16215279-17412536	PAN028.chr20.haplotype1:16216081-17413347
PAN011.chr20.haplotype1:17385664-21367486	PAN027.chr20.paternal:17389728-21371508	PAN028.chr20.haplotype1:17390539-21372611
PAN011.chr20.haplotype1:8406150-10586254	PAN027.chr20.paternal:8410309-10590397	PAN028.chr20.haplotype1:8411222-10591154
PAN011.chr21.haplotype1:2950555-3076410	PAN027.chr21.paternal:3066401-3192249	PAN028.chr21.haplotype2:3706143-3831979
PAN011.chr21.haplotype1:3052883-5539040	PAN027.chr21.paternal:3168724-5654873	PAN028.chr21.haplotype2:3808453-6294601
PAN011.chr21.haplotype1:36832820-37095764	PAN027.chr21.paternal:36957143-37220088	PAN028.chr21.haplotype2:37574973-37837919
PAN011.chr21.haplotype1:37085564-39878887	PAN027.chr21.paternal:37209888-40003189	PAN028.chr21.haplotype2:37827719-40621038
PAN011.chr21.haplotype1:39939378-41013093	PAN027.chr21.paternal:40063681-41137382	PAN028.chr21.haplotype2:40681530-41755242
PAN011.chr21.haplotype1:40993928-41101481	PAN027.chr21.paternal:41118217-41225768	PAN028.chr21.haplotype2:41736077-41843632
PAN011.chr21.haplotype1:5517550-7145529	PAN027.chr21.paternal:5633383-7261531	PAN028.chr21.haplotype2:6273111-7901094
PAN011.chr21.haplotype1:7188385-9693167	PAN027.chr21.paternal:7304387-9817742	PAN028.chr21.haplotype2:7943950-10462918
PAN011.chr22.haplotype2:13219221-17902399	PAN027.chr22.paternal:12408582-17091700	PAN028.chr22.haplotype2:12953119-17636286
PAN011.chr22.haplotype2:17880378-18094533	PAN027.chr22.paternal:17069679-17283834	PAN028.chr22.haplotype2:17614264-17828418
PAN011.chr22.haplotype2:18070611-18510656	PAN027.chr22.paternal:17259913-17699948	PAN028.chr22.haplotype2:17804497-18244536
PAN011.chr22.haplotype2:4830377-5104601	PAN027.chr22.paternal:4023957-4298178	PAN028.chr22.haplotype2:4577451-4851669
PAN011.chr22.haplotype2:9836742-12314874	PAN027.chr22.paternal:9030301-11509798	PAN028.chr22.haplotype2:9569278-12048773
PAN011.chr3.haplotype1:100718466-101806967	PAN027.chr3.paternal:100717989-101806483	PAN028.chr3.haplotype2:98975169-100063668
PAN011.chr3.haplotype1:102018459-102767598	PAN027.chr3.paternal:102017975-102767105	PAN028.chr3.haplotype2:100275160-101024293
PAN011.chr3.haplotype1:102742687-103933429	PAN027.chr3.paternal:102742195-103932922	PAN028.chr3.haplotype2:100999383-102190112
PAN011.chr3.haplotype1:104050623-104731546	PAN027.chr3.paternal:104050115-104731039	PAN028.chr3.haplotype2:102307305-102988235
PAN011.chr3.haplotype1:104755584-105052368	PAN027.chr3.paternal:104755077-105051861	PAN028.chr3.haplotype2:103012273-103309058
PAN011.chr3.haplotype1:105005642-105666770	PAN027.chr3.paternal:105005134-105666257	PAN028.chr3.haplotype2:103262332-103923454
PAN011.chr3.haplotype1:105643768-110301566	PAN027.chr3.paternal:105643256-110301014	PAN028.chr3.haplotype2:103900453-108558238
PAN011.chr3.haplotype1:10632985-10818265	PAN027.chr3.paternal:10636220-10821498	PAN028.chr3.haplotype2:10635131-10820411
PAN011.chr3.haplotype1:10797093-11032313	PAN027.chr3.paternal:10800328-11035545	PAN028.chr3.haplotype2:10799239-11034458
PAN011.chr3.haplotype1:11021770-12005582	PAN027.chr3.paternal:11025002-12008794	PAN028.chr3.haplotype2:11023915-12007721
PAN011.chr3.haplotype1:110284395-111066227	PAN027.chr3.paternal:110283843-111065674	PAN028.chr3.haplotype2:108541067-109322899
PAN011.chr3.haplotype1:111041543-111567231	PAN027.chr3.paternal:111040990-111566677	PAN028.chr3.haplotype2:109298215-109823903
PAN011.chr3.haplotype1:111540833-112374354	PAN027.chr3.paternal:111540279-112373790	PAN028.chr3.haplotype2:109797505-110631020
PAN011.chr3.haplotype1:111544602-111560279	PAN027.chr3.paternal:111544048-111559725	PAN028.chr3.haplotype2:109801274-109816951
PAN011.chr3.haplotype1:112351267-113128865	PAN027.chr3.paternal:112350703-113128290	PAN028.chr3.haplotype2:110607933-111385523
PAN011.chr3.haplotype1:113103110-113135750	PAN027.chr3.paternal:113102535-113135175	PAN028.chr3.haplotype2:111359768-111392408
PAN011.chr3.haplotype1:113150488-119311653	PAN027.chr3.paternal:113149913-119311028	PAN028.chr3.haplotype2:111407146-117568308
PAN011.chr3.haplotype1:12908024-14715621	PAN027.chr3.paternal:12911218-14718797	PAN028.chr3.haplotype2:12910149-14717733
PAN011.chr3.haplotype1:14724733-16761377	PAN027.chr3.paternal:14727909-16764531	PAN028.chr3.haplotype2:14726845-16763479
PAN011.chr3.haplotype1:160545977-160680428	PAN027.chr3.paternal:160545029-160679481	PAN028.chr3.haplotype1:157606495-157740944
PAN011.chr3.haplotype1:199181238-199235663	PAN027.chr3.paternal:199179947-199234372	PAN028.chr3.haplotype2:197433963-197488388
PAN011.chr3.haplotype1:199759603-200528720	PAN027.chr3.paternal:199758299-200527404	PAN028.chr3.haplotype2:198012317-198781431
PAN011.chr3.haplotype1:30993975-31133166	PAN027.chr3.paternal:30997023-31136212	PAN028.chr3.haplotype2:30994580-31133770
PAN011.chr3.haplotype1:31113169-31466734	PAN027.chr3.paternal:31116216-31469774	PAN028.chr3.haplotype2:31113773-31467334
PAN011.chr3.haplotype1:31491902-32963832	PAN027.chr3.paternal:31494942-32966846	PAN028.chr3.haplotype2:31492503-32964429
PAN011.chr3.haplotype1:32940460-37112473	PAN027.chr3.paternal:32943474-37115442	PAN028.chr3.haplotype2:32941056-37113051
PAN011.chr3.haplotype1:37107794-37351733	PAN027.chr3.paternal:37110763-37354689	PAN028.chr3.haplotype2:37108372-37352305
PAN011.chr3.haplotype1:37332816-37941139	PAN027.chr3.paternal:37335772-37944093	PAN028.chr3.haplotype2:37333388-37941717
PAN011.chr3.haplotype1:37983468-41321046	PAN027.chr3.paternal:37986423-41324024	PAN028.chr3.haplotype2:37984047-41321639
PAN011.chr3.haplotype1:41298139-43626151	PAN027.chr3.paternal:41301117-43629095	PAN028.chr3.haplotype2:41298732-43626723
PAN011.chr3.haplotype1:43602552-45820571	PAN027.chr3.paternal:43605496-45823495	PAN028.chr3.haplotype2:43603124-45821127
PAN011.chr3.haplotype1:46711274-47495703	PAN027.chr3.paternal:46714185-47498593	PAN028.chr3.haplotype2:46711824-47496230
PAN011.chr3.haplotype1:48121205-50906799	PAN027.chr3.paternal:48124069-50909594	PAN028.chr3.haplotype2:48121730-50907324
PAN011.chr3.haplotype1:50884653-52992175	PAN027.chr3.paternal:50887448-52994945	PAN028.chr3.haplotype2:50885178-52992697
PAN011.chr3.haplotype1:52975855-56241093	PAN027.chr3.paternal:52978625-56243833	PAN028.chr3.haplotype2:52976377-56241600
PAN011.chr3.haplotype1:56222648-58213954	PAN027.chr3.paternal:56225388-58216666	PAN028.chr3.haplotype2:56223154-58214452
PAN011.chr3.haplotype1:58194544-58881521	PAN027.chr3.paternal:58197256-58884223	PAN028.chr3.haplotype2:58195042-58882013
PAN011.chr3.haplotype1:58891396-59300445	PAN027.chr3.paternal:58894098-59303145	PAN028.chr3.haplotype2:58891888-59300935
PAN011.chr3.haplotype1:59359249-59528076	PAN027.chr3.paternal:59361949-59530776	PAN028.chr3.haplotype2:59359739-59528566
PAN011.chr3.haplotype1:59503853-61418723	PAN027.chr3.paternal:59506553-61421416	PAN028.chr3.haplotype2:59504343-61419217
PAN011.chr3.haplotype1:61408535-62014299	PAN027.chr3.paternal:61411228-62016984	PAN028.chr3.haplotype2:61409029-62014791
PAN011.chr3.haplotype1:62010748-62624599	PAN027.chr3.paternal:62013433-62627279	PAN028.chr3.haplotype2:62011240-62625090
PAN011.chr3.haplotype1:62599217-65917251	PAN027.chr3.paternal:62601897-65919899	PAN028.chr3.haplotype2:62599708-65917733
PAN011.chr3.haplotype1:67286024-67615176	PAN027.chr3.paternal:67288636-67617784	PAN028.chr3.haplotype2:67286486-67615635
PAN011.chr3.haplotype1:67605764-69764671	PAN027.chr3.paternal:67608372-69767263	PAN028.chr3.haplotype2:67606223-69765121
PAN011.chr3.haplotype1:69739625-70278594	PAN027.chr3.paternal:69742217-70281184	PAN028.chr3.haplotype2:69740075-70279044
PAN011.chr3.haplotype1:70262057-70965520	PAN027.chr3.paternal:70264647-70968102	PAN028.chr3.haplotype2:70262507-70965959
PAN011.chr3.haplotype1:70980893-75292956	PAN027.chr3.paternal:70983475-75295504	PAN028.chr3.haplotype2:70981332-75293394
PAN011.chr3.haplotype1:75151384-75391874	PAN027.chr3.paternal:75153935-75394421	PAN028.chr3.haplotype2:75151824-75392312
PAN011.chr3.haplotype1:75374627-79422264	PAN027.chr3.paternal:75377175-79424783	PAN028.chr3.haplotype2:75375066-79422681
PAN011.chr3.haplotype1:79395326-81298303	PAN027.chr3.paternal:79397845-81300804	PAN028.chr3.haplotype2:79395742-81298712
PAN011.chr3.haplotype1:81343570-83159060	PAN027.chr3.paternal:81346071-83161550	PAN028.chr3.haplotype2:81343980-83159465
PAN011.chr3.haplotype1:83244475-86410123	PAN027.chr3.paternal:83246964-86412599	PAN028.chr3.haplotype2:83244880-86410523
PAN011.chr3.haplotype1:86549827-88022284	PAN027.chr3.paternal:86552301-88024749	PAN028.chr3.haplotype2:86550226-88022687
PAN011.chr3.haplotype1:88003240-88529083	PAN027.chr3.paternal:88005705-88531542	PAN028.chr3.haplotype2:88003643-88529484
PAN011.chr3.haplotype1:88535457-88656634	PAN027.chr3.paternal:88537916-88659092	PAN028.chr3.haplotype2:88535858-88657035
PAN011.chr3.haplotype1:88632090-88868992	PAN027.chr3.paternal:88634548-88871448	PAN028.chr3.haplotype2:88632491-88869393
PAN011.chr3.haplotype1:88908728-92197894	PAN027.chr3.paternal:88911184-92200222	PAN028.chr3.haplotype2:88909130-92192724
PAN011.chr3.haplotype1:98558984-100735397	PAN027.chr3.paternal:98558522-100734920	PAN028.chr3.haplotype2:96815691-98992100
PAN011.chr4.haplotype1:1648594-1761281	PAN027.chr4.paternal:1652083-1764791	PAN028.chr4.haplotype2:1648984-1761698
PAN011.chr4.haplotype1:1740990-2858520	PAN027.chr4.paternal:1744474-2862019	PAN028.chr4.haplotype2:1741381-2858937
PAN011.chr4.haplotype1:2965067-4859709	PAN027.chr4.paternal:2968566-4863186	PAN028.chr4.haplotype2:2965484-4860113
PAN011.chr4.haplotype2:158504144-159821191	PAN027.chr4.paternal:157368685-158685728	PAN028.chr4.haplotype2:157894280-159211325
PAN011.chr4.haplotype2:159792598-160374101	PAN027.chr4.paternal:158657134-159238626	PAN028.chr4.haplotype2:159182731-159764230
PAN011.chr4.haplotype2:160357826-162908977	PAN027.chr4.paternal:159222352-161773483	PAN028.chr4.haplotype2:159747955-162299098
PAN011.chr4.haplotype2:162887513-163015408	PAN027.chr4.paternal:161752019-161879914	PAN028.chr4.haplotype2:162277634-162405528
PAN011.chr4.haplotype2:162991182-163488593	PAN027.chr4.paternal:161855688-162353094	PAN028.chr4.haplotype2:162381302-162878710
PAN011.chr4.haplotype2:163472197-164647251	PAN027.chr4.paternal:162336698-163511742	PAN028.chr4.haplotype2:162862314-164037361
PAN011.chr4.haplotype2:164629364-167600619	PAN027.chr4.paternal:163493855-166465067	PAN028.chr4.haplotype2:164019474-166990705
PAN011.chr4.haplotype2:167576025-167977662	PAN027.chr4.paternal:166440473-166842108	PAN028.chr4.haplotype2:166966110-167367749
PAN011.chr4.haplotype2:167958809-171162280	PAN027.chr4.paternal:166823255-170026701	PAN028.chr4.haplotype2:167348896-170552356
PAN011.chr4.haplotype2:39056059-41641217	PAN027.chr4.paternal:39267092-41852199	PAN028.chr4.haplotype2:39531466-42116861
PAN011.chr4.haplotype2:41618788-41988665	PAN027.chr4.paternal:41829770-42199641	PAN028.chr4.haplotype2:42094433-42464312
PAN011.chr4.haplotype2:41967958-43776967	PAN027.chr4.paternal:42178934-43987919	PAN028.chr4.haplotype2:42443604-44252600
PAN011.chr4.haplotype2:43755664-46495772	PAN027.chr4.paternal:43966616-46706706	PAN028.chr4.haplotype2:44231297-46971397
PAN011.chr4.haplotype2:46475737-47955564	PAN027.chr4.paternal:46686671-48166482	PAN028.chr4.haplotype2:46951362-48431177
PAN011.chr4.haplotype2:91366429-91557908	PAN027.chr4.paternal:90231112-90422591	PAN028.chr4.haplotype1:93285455-93476939
PAN011.chr5.haplotype2:103112565-110003637	PAN027.chr5.paternal:103325598-110216620	PAN028.chr5.haplotype2:104546185-111437227
PAN011.chr5.haplotype2:109983954-110345406	PAN027.chr5.paternal:110196937-110558385	PAN028.chr5.haplotype2:111417544-111778992
PAN011.chr5.haplotype2:110311685-112809658	PAN027.chr5.paternal:110524664-113022620	PAN028.chr5.haplotype2:111745271-114243238
PAN011.chr5.haplotype2:112796615-113802838	PAN027.chr5.paternal:113009577-114015790	PAN028.chr5.haplotype2:114230195-115236413
PAN011.chr5.haplotype2:113783352-115399700	PAN027.chr5.paternal:113996304-115612629	PAN028.chr5.haplotype2:115216926-116833254
PAN011.chr5.haplotype2:115389073-121310030	PAN027.chr5.paternal:115602002-121522904	PAN028.chr5.haplotype2:116822627-122743565
PAN011.chr5.haplotype2:121289006-121543005	PAN027.chr5.paternal:121501880-121755878	PAN028.chr5.haplotype2:122722541-122976539
PAN011.chr5.haplotype2:121521561-127374566	PAN027.chr5.paternal:121734434-127587380	PAN028.chr5.haplotype2:122955095-128808074
PAN011.chr5.haplotype2:127231452-127424518	PAN027.chr5.paternal:127444266-127637332	PAN028.chr5.haplotype2:128664959-128858028
PAN011.chr5.haplotype2:127591863-128340480	PAN027.chr5.paternal:127804676-128553286	PAN028.chr5.haplotype2:129025372-129773985
PAN011.chr5.haplotype2:128291282-132765971	PAN027.chr5.paternal:128504089-132978760	PAN028.chr5.haplotype2:129724787-134199459
PAN011.chr5.haplotype2:132742446-132822531	PAN027.chr5.paternal:132955235-133035320	PAN028.chr5.haplotype2:134175934-134256019
PAN011.chr5.haplotype2:132803229-133278907	PAN027.chr5.paternal:133016018-133491692	PAN028.chr5.haplotype2:134236717-134712394
PAN011.chr5.haplotype2:159170625-159187955	PAN027.chr5.paternal:159383097-159400427	PAN028.chr5.haplotype2:160616195-160633525
PAN011.chr5.haplotype2:32192077-35406669	PAN027.chr5.paternal:32405674-35620219	PAN028.chr5.haplotype2:32706442-35921007
PAN011.chr5.haplotype2:35407235-39406995	PAN027.chr5.paternal:35620785-39620511	PAN028.chr5.haplotype2:35921573-39921315
PAN011.chr5.haplotype2:39400603-42187049	PAN027.chr5.paternal:39614119-42400553	PAN028.chr5.haplotype2:39914923-42701378
PAN011.chr5.haplotype2:42170135-42465540	PAN027.chr5.paternal:42383639-42679045	PAN028.chr5.haplotype2:42684463-42979870
PAN011.chr5.haplotype2:42488268-44163065	PAN027.chr5.paternal:42701773-44376548	PAN028.chr5.haplotype2:43002598-44677388
PAN011.chr5.haplotype2:44137739-44945503	PAN027.chr5.paternal:44351222-45158985	PAN028.chr5.haplotype2:44652062-45459827
PAN011.chr5.haplotype2:44932134-45337071	PAN027.chr5.paternal:45145616-45550548	PAN028.chr5.haplotype2:45446458-45851390
PAN011.chr5.haplotype2:45300546-45958015	PAN027.chr5.paternal:45514024-46171487	PAN028.chr5.haplotype2:45814866-46472331
PAN011.chr5.haplotype2:45936027-48670355	PAN027.chr5.paternal:46149499-48883826	PAN028.chr5.haplotype2:46450343-49182973
PAN011.chr5.haplotype2:48646151-50989748	PAN027.chr5.paternal:48859622-51203219	PAN028.chr5.haplotype2:49158769-51502366
PAN011.chr5.haplotype2:50965579-55706421	PAN027.chr5.paternal:51179050-55919859	PAN028.chr5.haplotype2:51478197-56219023
PAN011.chr5.haplotype2:55681536-56793181	PAN027.chr5.paternal:55894976-57006612	PAN028.chr5.haplotype2:56194140-57305775
PAN011.chr5.haplotype2:56861391-56981331	PAN027.chr5.paternal:57074819-57194757	PAN028.chr5.haplotype2:57373982-57493922
PAN011.chr5.haplotype2:57027419-57330695	PAN027.chr5.paternal:57240844-57544113	PAN028.chr5.haplotype2:57540009-57843281
PAN011.chr5.haplotype2:98407400-103135224	PAN027.chr5.paternal:98620451-103348257	PAN028.chr5.haplotype2:99841027-104568844
PAN011.chr6.haplotype2:101379658-102245099	PAN027.chr6.paternal:101381572-102247008	PAN028.chr6.haplotype1:101230264-102095728
PAN011.chr6.haplotype2:102230697-105826797	PAN027.chr6.paternal:102232606-105828691	PAN028.chr6.haplotype1:102081326-105677418
PAN011.chr6.haplotype2:105802567-106521419	PAN027.chr6.paternal:105804461-106523304	PAN028.chr6.haplotype1:105653188-106372035
PAN011.chr6.haplotype2:106492486-107388556	PAN027.chr6.paternal:106494371-107390432	PAN028.chr6.haplotype1:106343102-107239167
PAN011.chr6.haplotype2:107372394-107675903	PAN027.chr6.paternal:107374270-107677776	PAN028.chr6.haplotype1:107223005-107526513
PAN011.chr6.haplotype2:107614691-108967736	PAN027.chr6.paternal:107616564-108969591	PAN028.chr6.haplotype1:107465300-108818348
PAN011.chr6.haplotype2:109043881-109612526	PAN027.chr6.paternal:109045735-109614378	PAN028.chr6.haplotype1:108894491-109463136
PAN011.chr6.haplotype2:109593975-110255748	PAN027.chr6.paternal:109595827-110257598	PAN028.chr6.haplotype1:109444585-110106366
PAN011.chr6.haplotype2:110231850-110853038	PAN027.chr6.paternal:110233700-110854883	PAN028.chr6.haplotype1:110082468-110703657
PAN011.chr6.haplotype2:110794872-113622296	PAN027.chr6.paternal:110796717-113624114	PAN028.chr6.haplotype1:110645491-113472903
PAN011.chr6.haplotype2:113644759-114086923	PAN027.chr6.paternal:113646576-114088741	PAN028.chr6.haplotype1:113495365-113937530
PAN011.chr6.haplotype2:114181166-117508835	PAN027.chr6.paternal:114182983-117510629	PAN028.chr6.haplotype1:114031773-117359435
PAN011.chr6.haplotype2:117487191-118009097	PAN027.chr6.paternal:117488985-118010889	PAN028.chr6.haplotype1:117337791-117859695
PAN011.chr6.haplotype2:117986270-122021981	PAN027.chr6.paternal:117988062-122023746	PAN028.chr6.haplotype1:117836868-121872578
PAN011.chr6.haplotype2:122014984-122955903	PAN027.chr6.paternal:122016749-122957653	PAN028.chr6.haplotype1:121865581-122806493
PAN011.chr6.haplotype2:122933336-124055462	PAN027.chr6.paternal:122935088-124057205	PAN028.chr6.haplotype1:122783927-123906045
PAN011.chr6.haplotype2:124033274-125836043	PAN027.chr6.paternal:124035017-125837772	PAN028.chr6.haplotype1:123883857-125686624
PAN011.chr6.haplotype2:125826600-126669120	PAN027.chr6.paternal:125828329-126670846	PAN028.chr6.haplotype1:125677181-126519699
PAN011.chr6.haplotype2:126659081-127565420	PAN027.chr6.paternal:126660807-127567142	PAN028.chr6.haplotype1:126509660-127416001
PAN011.chr6.haplotype2:128238597-130741691	PAN027.chr6.paternal:128240313-130743387	PAN028.chr6.haplotype1:128089171-130592258
PAN011.chr6.haplotype2:130726567-130748537	PAN027.chr6.paternal:130728263-130750232	PAN028.chr6.haplotype1:130577134-130599103
PAN011.chr6.haplotype2:130733336-131332933	PAN027.chr6.paternal:130735032-131334624	PAN028.chr6.haplotype1:130583903-131183494
PAN011.chr6.haplotype2:131324480-132374284	PAN027.chr6.paternal:131326171-132375966	PAN028.chr6.haplotype1:131175041-132224839
PAN011.chr6.haplotype2:132353910-132722594	PAN027.chr6.paternal:132355592-132724274	PAN028.chr6.haplotype1:132204465-132573147
PAN011.chr6.haplotype2:132699391-134107560	PAN027.chr6.paternal:132701071-134109219	PAN028.chr6.haplotype1:132549944-133958101
PAN011.chr6.haplotype2:134247208-134412777	PAN027.chr6.paternal:134248865-134414435	PAN028.chr6.haplotype1:134097748-134263317
PAN011.chr6.haplotype2:134391192-137495211	PAN027.chr6.paternal:134392850-137496828	PAN028.chr6.haplotype1:134241732-137345744
PAN011.chr7.haplotype1:1045951-3979083	PAN027.chr7.paternal:1054270-3987363	PAN028.chr7.haplotype2:1048067-3981188
PAN011.chr7.haplotype1:593498-1061417	PAN027.chr7.paternal:601745-1069736	PAN028.chr7.haplotype2:595303-1063533
PAN011.chr7.haplotype1:6709265-7137134	PAN027.chr7.paternal:6717473-7145337	PAN028.chr7.haplotype2:6711344-7139213
PAN011.chr7.haplotype2:100223496-100744654	PAN027.chr7.paternal:99974893-100496062	PAN028.chr7.haplotype2:98859398-99380572
PAN011.chr7.haplotype2:100908525-101126479	PAN027.chr7.paternal:100659933-100877884	PAN028.chr7.haplotype2:99544446-99762401
PAN011.chr7.haplotype2:101269880-102433855	PAN027.chr7.paternal:101021277-102185233	PAN028.chr7.haplotype2:99905797-101069747
PAN011.chr7.haplotype2:10229788-11884176	PAN027.chr7.paternal:10157512-11811883	PAN028.chr7.haplotype2:10151399-11805777
PAN011.chr7.haplotype2:102444775-107125520	PAN027.chr7.paternal:102196153-106876809	PAN028.chr7.haplotype2:101080668-105761394
PAN011.chr7.haplotype2:107121090-110509106	PAN027.chr7.paternal:106872379-110260352	PAN028.chr7.haplotype2:105756964-109144968
PAN011.chr7.haplotype2:110367136-111012522	PAN027.chr7.paternal:110118382-110763757	PAN028.chr7.haplotype2:109002998-109648374
PAN011.chr7.haplotype2:110992483-112914223	PAN027.chr7.paternal:110743719-112665443	PAN028.chr7.haplotype2:109628336-111550068
PAN011.chr7.haplotype2:112888980-113363866	PAN027.chr7.paternal:112640200-113115084	PAN028.chr7.haplotype2:111524825-111999709
PAN011.chr7.haplotype2:113645843-114635384	PAN027.chr7.paternal:113397061-114386594	PAN028.chr7.haplotype2:112281685-113271226
PAN011.chr7.haplotype2:114735940-115100216	PAN027.chr7.paternal:114487149-114851421	PAN028.chr7.haplotype2:113371781-113736055
PAN011.chr7.haplotype2:115161007-115968373	PAN027.chr7.paternal:114912212-115719572	PAN028.chr7.haplotype2:113796846-114604209
PAN011.chr7.haplotype2:115944733-118186047	PAN027.chr7.paternal:115695932-117937246	PAN028.chr7.haplotype2:114580569-116821885
PAN011.chr7.haplotype2:118577940-118921665	PAN027.chr7.paternal:118329138-118672861	PAN028.chr7.haplotype2:117213776-117557498
PAN011.chr7.haplotype2:11871443-13402719	PAN027.chr7.paternal:11799150-13330421	PAN028.chr7.haplotype2:11793044-13324313
PAN011.chr7.haplotype2:118895385-119455079	PAN027.chr7.paternal:118646581-119206270	PAN028.chr7.haplotype2:117531218-118090909
PAN011.chr7.haplotype2:119433849-120229604	PAN027.chr7.paternal:119185040-119980786	PAN028.chr7.haplotype2:118069679-118865432
PAN011.chr7.haplotype2:120208785-122270142	PAN027.chr7.paternal:119959967-122021316	PAN028.chr7.haplotype2:118844613-120905963
PAN011.chr7.haplotype2:122250443-122968888	PAN027.chr7.paternal:122001617-122720058	PAN028.chr7.haplotype2:120886264-121604711
PAN011.chr7.haplotype2:122947581-123576984	PAN027.chr7.paternal:122698753-123328149	PAN028.chr7.haplotype2:121583404-122212807
PAN011.chr7.haplotype2:123621830-125339510	PAN027.chr7.paternal:123372993-125090657	PAN028.chr7.haplotype2:122257650-123975335
PAN011.chr7.haplotype2:125332338-126225957	PAN027.chr7.paternal:125083557-125977097	PAN028.chr7.haplotype2:123968235-124861778
PAN011.chr7.haplotype2:126296323-127171361	PAN027.chr7.paternal:126047462-126922492	PAN028.chr7.haplotype2:124932143-125807178
PAN011.chr7.haplotype2:127145568-130062081	PAN027.chr7.paternal:126896699-129813175	PAN028.chr7.haplotype2:125781385-128697879
PAN011.chr7.haplotype2:130038821-131052143	PAN027.chr7.paternal:129789916-130803221	PAN028.chr7.haplotype2:128674620-129687936
PAN011.chr7.haplotype2:13405320-13999939	PAN027.chr7.paternal:13333022-13927634	PAN028.chr7.haplotype2:13326914-13921532
PAN011.chr7.haplotype2:7190760-7622248	PAN027.chr7.paternal:7118515-7549994	PAN028.chr7.haplotype2:7112391-7543874
PAN011.chr7.haplotype2:7790186-9348071	PAN027.chr7.paternal:7717931-9275804	PAN028.chr7.haplotype2:7711811-9269688
PAN011.chr7.haplotype2:80276074-89793830	PAN027.chr7.paternal:80027641-89545325	PAN028.chr7.haplotype2:78912075-88429763
PAN011.chr7.haplotype2:89776092-92463544	PAN027.chr7.paternal:89527587-92215013	PAN028.chr7.haplotype2:88412025-91099469
PAN011.chr7.haplotype2:92442479-93668082	PAN027.chr7.paternal:92193948-93419547	PAN028.chr7.haplotype2:91078404-92304014
PAN011.chr7.haplotype2:9344930-10256473	PAN027.chr7.paternal:9272663-10184197	PAN028.chr7.haplotype2:9266547-10178084
PAN011.chr7.haplotype2:94419331-97111276	PAN027.chr7.paternal:94170789-96862703	PAN028.chr7.haplotype2:93055259-95747184
PAN011.chr7.haplotype2:97085790-97412418	PAN027.chr7.paternal:96837217-97163840	PAN028.chr7.haplotype2:95721698-96048322
PAN011.chr7.haplotype2:97393116-99154033	PAN027.chr7.paternal:97144538-98905439	PAN028.chr7.haplotype2:96029020-97789930
PAN011.chr7.haplotype2:99130657-99342105	PAN027.chr7.paternal:98882063-99093510	PAN028.chr7.haplotype2:97766554-97978003
PAN011.chr7.haplotype2:99317819-99890675	PAN027.chr7.paternal:99069224-99642076	PAN028.chr7.haplotype2:97953716-98526575
PAN011.chr7.haplotype2:99839287-100270923	PAN027.chr7.paternal:99590688-100022315	PAN028.chr7.haplotype2:98475186-98906818
PAN011.chr8.haplotype1:1729565-2144655	PAN027.chr8.paternal:1730716-2145843	PAN028.chr8.haplotype1:1728616-2143696
PAN011.chr8.haplotype1:2133457-2476167	PAN027.chr8.paternal:2134605-2477352	PAN028.chr8.haplotype1:2132500-2475205
PAN011.chr8.haplotype2:100893974-102088704	PAN027.chr8.paternal:100871665-102066374	PAN028.chr8.haplotype1:100762696-101957408
PAN011.chr8.haplotype2:102054265-103857196	PAN027.chr8.paternal:102031937-103834844	PAN028.chr8.haplotype1:101922969-103725889
PAN011.chr8.haplotype2:103836029-105806632	PAN027.chr8.paternal:103813677-105784254	PAN028.chr8.haplotype1:103704722-105675312
PAN011.chr8.haplotype2:105665416-109230709	PAN027.chr8.paternal:105643040-109208320	PAN028.chr8.haplotype1:105534098-109099385
PAN011.chr8.haplotype2:109209576-116640348	PAN027.chr8.paternal:109187187-116617907	PAN028.chr8.haplotype1:109078251-116508994
PAN011.chr8.haplotype2:11058183-20096357	PAN027.chr8.paternal:11035594-20073633	PAN028.chr8.haplotype1:11033514-20071617
PAN011.chr8.haplotype2:116621581-119344827	PAN027.chr8.paternal:116599140-119322360	PAN028.chr8.haplotype1:116490227-119213457
PAN011.chr8.haplotype2:20079246-20355567	PAN027.chr8.paternal:20056522-20332840	PAN028.chr8.haplotype1:20054506-20330826
PAN011.chr8.haplotype2:20436278-22735933	PAN027.chr8.paternal:20413551-22713167	PAN028.chr8.haplotype1:20411536-22711177
PAN011.chr8.haplotype2:22726634-25244436	PAN027.chr8.paternal:22703868-25221648	PAN028.chr8.haplotype1:22701877-25219678
PAN011.chr8.haplotype2:25217286-26456038	PAN027.chr8.paternal:25194498-26433223	PAN028.chr8.haplotype1:25192528-26431270
PAN011.chr8.haplotype2:2599134-2878469	PAN027.chr8.paternal:2576641-2855969	PAN028.chr8.haplotype1:2574495-2853824
PAN011.chr8.haplotype2:26461098-26575043	PAN027.chr8.paternal:26438283-26552228	PAN028.chr8.haplotype1:26436330-26550275
PAN011.chr8.haplotype2:26554303-28268615	PAN027.chr8.paternal:26531488-28245783	PAN028.chr8.haplotype1:26529535-28243840
PAN011.chr8.haplotype2:28283327-29859518	PAN027.chr8.paternal:28260495-29836661	PAN028.chr8.haplotype1:28258552-29834736
PAN011.chr8.haplotype2:2855856-5807020	PAN027.chr8.paternal:2833357-5784480	PAN028.chr8.haplotype1:2831212-5782351
PAN011.chr8.haplotype2:29841302-30650135	PAN027.chr8.paternal:29818445-30627263	PAN028.chr8.haplotype1:29816520-30625341
PAN011.chr8.haplotype2:30671640-31877352	PAN027.chr8.paternal:30648768-31854470	PAN028.chr8.haplotype1:30646846-31852553
PAN011.chr8.haplotype2:31853099-32096698	PAN027.chr8.paternal:31830218-32073814	PAN028.chr8.haplotype1:31828301-32071900
PAN011.chr8.haplotype2:32054282-32471447	PAN027.chr8.paternal:32031398-32448559	PAN028.chr8.haplotype1:32029484-32446648
PAN011.chr8.haplotype2:32445401-35372949	PAN027.chr8.paternal:32422513-35350023	PAN028.chr8.haplotype1:32420602-35348133
PAN011.chr8.haplotype2:35347454-35573523	PAN027.chr8.paternal:35324528-35550594	PAN028.chr8.haplotype1:35322638-35548707
PAN011.chr8.haplotype2:35543143-36870981	PAN027.chr8.paternal:35520214-36848042	PAN028.chr8.haplotype1:35518327-36846166
PAN011.chr8.haplotype2:36870462-37328605	PAN027.chr8.paternal:36847523-37305659	PAN028.chr8.haplotype1:36845647-37303785
PAN011.chr8.haplotype2:37625959-40878107	PAN027.chr8.paternal:37603006-40855107	PAN028.chr8.haplotype1:37601136-40853265
PAN011.chr8.haplotype2:40859881-42518614	PAN027.chr8.paternal:40836880-42495598	PAN028.chr8.haplotype1:40835039-42493643
PAN011.chr8.haplotype2:42490204-44379655	PAN027.chr8.paternal:42467187-44356640	PAN028.chr8.haplotype1:42465233-44354683
PAN011.chr8.haplotype2:44375650-44636197	PAN027.chr8.paternal:44352635-44614374	PAN028.chr8.haplotype1:44350678-44612417
PAN011.chr8.haplotype2:44610478-47368134	PAN027.chr8.paternal:44588643-47346312	PAN028.chr8.haplotype1:44586701-47235741
PAN011.chr8.haplotype2:48085068-48186316	PAN027.chr8.paternal:48063241-48164488	PAN028.chr8.haplotype1:47952679-48053927
PAN011.chr8.haplotype2:48163378-52889854	PAN027.chr8.paternal:48141550-52868000	PAN028.chr8.haplotype1:48030989-52757452
PAN011.chr8.haplotype2:52868981-56039812	PAN027.chr8.paternal:52847127-56017927	PAN028.chr8.haplotype1:52736579-55907400
PAN011.chr8.haplotype2:56018220-57319844	PAN027.chr8.paternal:55996335-57297941	PAN028.chr8.haplotype1:55885808-57187419
PAN011.chr8.haplotype2:57332787-58262292	PAN027.chr8.paternal:57310884-58240381	PAN028.chr8.haplotype1:57200362-58129865
PAN011.chr8.haplotype2:5783841-8311702	PAN027.chr8.paternal:5761301-8289127	PAN028.chr8.haplotype1:5759172-8287033
PAN011.chr8.haplotype2:58240499-61348665	PAN027.chr8.paternal:58218588-61326725	PAN028.chr8.haplotype1:58108072-61216243
PAN011.chr8.haplotype2:80536174-87442253	PAN027.chr8.paternal:80514055-87420080	PAN028.chr8.haplotype1:80404971-87311037
PAN011.chr8.haplotype2:8288140-8551927	PAN027.chr8.paternal:8265565-8529349	PAN028.chr8.haplotype1:8263471-8527255
PAN011.chr8.haplotype2:8534313-11064202	PAN027.chr8.paternal:8511735-11041613	PAN028.chr8.haplotype1:8509641-11039533
PAN011.chr8.haplotype2:87424790-91054132	PAN027.chr8.paternal:87402617-91031934	PAN028.chr8.haplotype1:87293574-90922908
PAN011.chr8.haplotype2:91032640-93186150	PAN027.chr8.paternal:91010442-93163939	PAN028.chr8.haplotype1:90901416-93054926
PAN011.chr8.haplotype2:93181544-94298263	PAN027.chr8.paternal:93159333-94276050	PAN028.chr8.haplotype1:93050320-94167039
PAN011.chr8.haplotype2:94280379-94303330	PAN027.chr8.paternal:94258166-94281117	PAN028.chr8.haplotype1:94149155-94172106
PAN011.chr8.haplotype2:94305842-96118955	PAN027.chr8.paternal:94283629-96096712	PAN028.chr8.haplotype1:94174618-95987714
PAN011.chr8.haplotype2:96096714-96347844	PAN027.chr8.paternal:96074471-96325599	PAN028.chr8.haplotype1:95965473-96216602
PAN011.chr8.haplotype2:96355545-97332827	PAN027.chr8.paternal:96333300-97310568	PAN028.chr8.haplotype1:96224303-97201577
PAN011.chr8.haplotype2:97318058-97793764	PAN027.chr8.paternal:97295803-97771503	PAN028.chr8.haplotype1:97186811-97662512
PAN011.chr8.haplotype2:97770368-99669048	PAN027.chr8.paternal:97748107-99646759	PAN028.chr8.haplotype1:97639116-99537779
PAN011.chr9.haplotype1:10133490-15538855	PAN027.chr9.paternal:10136496-15541808	PAN028.chr9.haplotype2:10135430-15540764
PAN011.chr9.haplotype1:115348141-115426688	PAN027.chr9.paternal:115395806-115474352	PAN028.chr9.haplotype2:115451709-115530243
PAN011.chr9.haplotype1:15549457-19232405	PAN027.chr9.paternal:15552410-19235315	PAN028.chr9.haplotype2:15551366-19234288
PAN011.chr9.haplotype1:19214459-19586597	PAN027.chr9.paternal:19217369-19589503	PAN028.chr9.haplotype2:19216342-19588486
PAN011.chr9.haplotype1:19551943-21335552	PAN027.chr9.paternal:19554849-21338448	PAN028.chr9.haplotype2:19553831-21337434
PAN011.chr9.haplotype1:21313861-21481245	PAN027.chr9.paternal:21316757-21484140	PAN028.chr9.haplotype2:21315743-21483125
PAN011.chr9.haplotype1:21457979-23813569	PAN027.chr9.paternal:21460874-23816450	PAN028.chr9.haplotype2:21459859-23815447
PAN011.chr9.haplotype1:23792967-24286747	PAN027.chr9.paternal:23795848-24289625	PAN028.chr9.haplotype2:23794845-24288622
PAN011.chr9.haplotype1:24268036-27850321	PAN027.chr9.paternal:24270914-27853181	PAN028.chr9.haplotype2:24269911-27852249
PAN011.chr9.haplotype1:37833171-63612188	PAN027.chr9.paternal:37835914-63660387	PAN028.chr9.haplotype2:37837587-63681838
PAN011.chr9.haplotype1:63586856-65499347	PAN027.chr9.paternal:63635055-65547527	PAN028.chr9.haplotype2:63656506-65568986
PAN011.chr9.haplotype1:65476861-67585073	PAN027.chr9.paternal:65525041-67633226	PAN028.chr9.haplotype2:65546500-67654700
PAN011.chr9.haplotype1:67561932-68200231	PAN027.chr9.paternal:67610085-68248371	PAN028.chr9.haplotype2:67631559-68269848
PAN011.chr9.haplotype1:68176704-68844945	PAN027.chr9.paternal:68224845-68893080	PAN028.chr9.haplotype2:68246319-68914557
PAN011.chr9.haplotype1:68820058-69531393	PAN027.chr9.paternal:68868193-69579517	PAN028.chr9.haplotype2:68889670-69601002
PAN011.chr9.haplotype1:69610549-70067967	PAN027.chr9.paternal:69658673-70116080	PAN028.chr9.haplotype2:69680160-70137574
PAN011.chr9.haplotype1:70040973-72586778	PAN027.chr9.paternal:70089086-72634872	PAN028.chr9.haplotype2:70110580-72656380
PAN011.chr9.haplotype1:72562149-73695130	PAN027.chr9.paternal:72610244-73743215	PAN028.chr9.haplotype2:72631752-73764737
PAN011.chr9.haplotype1:73671851-74521675	PAN027.chr9.paternal:73719938-74569746	PAN028.chr9.haplotype2:73741458-74591272
PAN011.chr9.haplotype1:74501509-78189065	PAN027.chr9.paternal:74549581-78237092	PAN028.chr9.haplotype2:74571107-78258643
PAN011.chr9.haplotype1:78167874-78456026	PAN027.chr9.paternal:78215901-78504049	PAN028.chr9.haplotype2:78237452-78525602
PAN011.chr9.haplotype1:78429957-80277809	PAN027.chr9.paternal:78477980-80325815	PAN028.chr9.haplotype2:78499533-80347392
PAN011.chr9.haplotype1:80291250-81188799	PAN027.chr9.paternal:80339256-81236787	PAN028.chr9.haplotype2:80360833-81258370
PAN011.chr9.haplotype1:81165204-81515778	PAN027.chr9.paternal:81213193-81563763	PAN028.chr9.haplotype2:81234776-81585346
PAN011.chr9.haplotype1:81582712-82174764	PAN027.chr9.paternal:81630705-82222742	PAN028.chr9.haplotype2:81652288-82244334
PAN011.chr9.haplotype1:82224871-82510567	PAN027.chr9.paternal:82272849-82558544	PAN028.chr9.haplotype2:82294441-82580139
PAN011.chr9.haplotype1:82511992-82843591	PAN027.chr9.paternal:82559969-82891567	PAN028.chr9.haplotype2:82581564-82913163
PAN011.chr9.haplotype1:82823807-82960301	PAN027.chr9.paternal:82871783-83008278	PAN028.chr9.haplotype2:82893379-83029873
PAN011.chr9.haplotype1:82938379-84784009	PAN027.chr9.paternal:82986356-84831973	PAN028.chr9.haplotype2:83007951-84853584
PAN011.chr9.haplotype1:84762487-89430114	PAN027.chr9.paternal:84810451-89478029	PAN028.chr9.haplotype2:84832062-89499662
PAN011.chr9.haplotype1:89511110-90094384	PAN027.chr9.paternal:89559020-90142288	PAN028.chr9.haplotype2:89580654-90163921
PAN011.chr9.haplotype1:90076256-91404726	PAN027.chr9.paternal:90124160-91452610	PAN028.chr9.haplotype2:90145793-91474254
PAN011.chr9.haplotype1:91389790-91906900	PAN027.chr9.paternal:91437674-91954780	PAN028.chr9.haplotype2:91459318-91976428
PAN011.chr9.haplotype1:92050751-93141747	PAN027.chr9.paternal:92098633-93189622	PAN028.chr9.haplotype2:92120289-93211289
PAN011.chr9.haplotype1:93116213-95516900	PAN027.chr9.paternal:93164088-95564728	PAN028.chr9.haplotype2:93185755-95586417
PAN011.chr9.haplotype2:124996148-125180066	PAN027.chr9.paternal:127461761-127645673	PAN028.chr9.haplotype2:127516597-127700513
PAN011.chr9.haplotype2:125696065-126920671	PAN027.chr9.paternal:128161664-129386239	PAN028.chr9.haplotype2:128216507-129441097
PAN011.chr9.haplotype2:127024632-128952268	PAN027.chr9.paternal:129490200-131491032	PAN028.chr9.haplotype2:129545058-131545907
PAN011.chr9.haplotype2:129146102-129729946	PAN027.chr9.paternal:131612106-132195946	PAN028.chr9.haplotype2:131666981-132250820
PAN011.chr9.haplotype2:129713337-129743724	PAN027.chr9.paternal:132179337-132209724	PAN028.chr9.haplotype2:132234211-132264598
PAN011.chr9.haplotype2:129728438-129976046	PAN027.chr9.paternal:132194438-132442046	PAN028.chr9.haplotype2:132249312-132496920
PAN011.chrX.haplotype1:122483617-122654547	PAN027.chrX.paternal:122519468-122690395	PAN028.chrX.haplotype1:122627871-122798795
PAN011.chrX.haplotype1:141236135-142698804	PAN027.chrX.paternal:141271748-142734399	PAN028.chrX.haplotype2:141069976-142532630
PAN011.chrX.haplotype1:142678649-143793985	PAN027.chrX.paternal:142714244-143829571	PAN028.chrX.haplotype2:142512475-143627809
PAN011.chrX.haplotype1:143775101-147003555	PAN027.chrX.paternal:143810689-147039108	PAN028.chrX.haplotype2:143608927-146837352
PAN011.chrX.haplotype1:147015436-147909156	PAN027.chrX.paternal:147050989-147944708	PAN028.chrX.haplotype2:146849234-147742952
PAN011.chrX.haplotype1:147892547-150209875	PAN027.chrX.paternal:147928099-150245404	PAN028.chrX.haplotype2:147726343-150043656
PAN011.chrX.haplotype1:150312985-150602270	PAN027.chrX.paternal:150348514-150637799	PAN028.chrX.haplotype2:150146765-150436049
PAN011.chrX.haplotype1:150579005-150606026	PAN027.chrX.paternal:150614533-150641555	PAN028.chrX.haplotype2:150412784-150439805
PAN011.chrX.haplotype1:150584372-151913205	PAN027.chrX.paternal:150619900-151948718	PAN028.chrX.haplotype2:150418151-151746973
PAN011.chrX.haplotype1:151894220-153941485	PAN027.chrX.paternal:151929734-153976953	PAN028.chrX.haplotype2:151727989-153775226
