Mutation_Type	Count	Rate_per_bp_total	Rate_per_bp_effective
SNV	24	2.464114e-07	2.473839e-07
Indel_1bp_Total	538	5.523722e-06	5.545522e-06
Indel_1bp_Insertion	513	5.267043e-06	5.287830e-06
Indel_1bp_Deletion	25	2.566785e-07	2.576915e-07
Indel_2_49bp_Total	23	2.361442e-07	2.370762e-07
Indel_2_49bp_Insertion	16	1.642743e-07	1.649226e-07
Indel_2_49bp_Deletion	7	7.186999e-08	7.215363e-08
SV_Total	0	0.000000e+00	0.000000e+00
SV_Insertion	0	0.000000e+00	0.000000e+00
SV_Deletion	0	0.000000e+00	0.000000e+00
Tandem_Repeat	392	4.024719e-06	4.040603e-06
Total	585	6.006278e-06	6.029982e-06
Block_length_bp	97398095	.	.
Block_length_effective_bp	97015219	.	.
